0.44813,0.30272,0.39039,1.5552,1.3611,1.0061,0.63693,-0.51374,-0.69051,-1.5134,-1.0306,-0.8159,-0.36321,-0.24302,0.063543,1.2286,1.3635,0.75063,0.077386,0.3497,-0.58886,-0.8211,-1.336,-1.9792,-1.1331,-0.21466,0.45842,0.81411,1.6355,1.3186,0.66856,1.0054,-0.24245,-0.64675,-1.2243,-2.0808,-0.97035,-1.0501,-0.026563,0.32962,1.3844,0.71909,1.6842,0.90404,-0.25948,-0.42141,-1.4553,-1.6256,-0.9353,-1.0045,-0.89196,-0.73934,0.82147,1.1334,0.5248,1.5382,1.0579,0.10072,-0.079991,-0.73482
0.32493,0.92102,0.67606,1.5671,0.62195,0.23225,0.69997,-0.2908,-1.0615,-1.1291,-1.6977,-0.76359,-0.5518,-0.30985,-0.037397,1.2947,1.5693,1.3774,0.35629,0.32241,-0.96378,-0.85549,-0.86354,-0.91827,-1.241,-1.4413,-0.48574,0.66047,1.3101,0.94945,1.1915,1.1004,0.28067,-0.85124,-1.1074,-1.1779,-1.3085,-1.2972,-0.45435,-0.57608,0.32714,0.6989,1.2205,1.5393,1.27,0.37443,0.07583,-0.45566,-1.5812,-1.8445,-0.89692,-1.6117,0.049964,-0.20141,0.96575,1.5515,1.3412,0.54099,0.48813,0.075192
0.065106,0.27966,1.6066,0.90703,0.3179,-0.38201,-0.071902,-1.6923,-1.053,-1.0928,-0.39021,0.093322,0.88629,0.85249,1.2445,0.6513,-0.62919,-0.69165,-1.6558,-1.3994,-1.3972,0.13353,0.93933,0.96367,1.0612,1.5804,0.072127,0.080346,-1.0937,-1.8101,-1.7878,-0.50562,0.46145,1.2475,1.6958,0.69417,0.4745,0.36224,-0.046863,-0.73444,-1.53,-1.0321,-0.31283,0.70597,0.40564,1.158,1.357,0.083609,-0.15016,-1.3739,-0.85534,-1.6172,-0.78669,-0.44217,0.61959,1.438,1.2131,1.2044,0.41155,-0.73319
-0.19729,0.86487,0.913,1.1069,1.1304,0.22366,-0.070158,-0.91154,-1.3259,-1.3727,-0.7313,0.45471,1.0116,1.3924,1.1072,0.24276,0.3193,-1.0632,-1.4711,-1.4097,-0.59799,-0.53728,0.68438,1.5723,1.612,0.71262,0.27393,0.12525,-1.2147,-1.4415,-1.4365,-0.67425,-0.34781,0.39204,0.90867,0.69174,0.868,0.4583,-0.55764,-0.8255,-1.4836,-1.454,-0.54389,0.44588,0.90561,1.5615,0.7914,0.85711,-0.6026,-1.0771,-1.5192,-1.8253,-0.54196,-0.64238,0.20283,1.1598,1.7673,1.2705,0.20001,-0.35193
-0.29514,0.27611,1.3679,1.1288,0.68236,0.27383,-0.083935,-0.64006,-1.3862,-1.1307,-0.58736,0.23642,1.3809,1.1326,1.2763,0.93728,-0.31181,-1.199,-1.111,-1.1186,-1.2936,-1.0132,-0.24869,1.6342,1.081,1.5402,0.53836,0.28519,-1.1576,-1.5575,-1.3711,-0.63638,-0.12246,0.80594,1.2607,0.69205,1.3856,0.29011,-0.4122,-0.60497,-0.98892,-1.8933,-1.3349,0.045418,0.81418,0.83476,1.6836,1.1145,0.35508,-0.076142,-1.0395,-1.2835,-1.3171,-1.1348,-0.46492,0.5699,0.95651,0.87453,0.81154,-0.45139
0.0097745,0.67406,1.1529,1.1116,0.80225,1.2454,0.64424,-0.16059,-1.1205,-0.89284,-1.5871,-1.7498,-1.156,-0.19286,0.10992,0.37516,1.044,1.7281,1.358,1.085,0.54262,-0.35721,-0.29747,-1.0253,-1.6071,-0.88482,-1.1884,-0.79362,0.074119,0.44671,0.69642,1.4266,0.97429,0.6623,0.83633,0.55388,-0.97944,-0.59679,-1.4295,-1.6139,-1.6702,-0.36062,-0.3546,0.53608,0.60405,1.1802,1.4571,1.5891,0.3975,0.012208,-0.9322,-0.81451,-1.2809,-0.90067,-1.1684,-0.35203,-0.41706,0.027215,0.87892,1.6486
-0.1808,1.0115,1.3348,0.90722,1.2743,1.2741,1.2382,0.82365,0.041447,-0.37403,-1.6695,-1.6279,-1.2026,-1.4212,0.16682,-0.48113,0.50663,1.3247,0.60768,1.5032,0.47115,0.91817,0.41622,-0.66523,-0.26658,-1.3429,-0.78929,-1.5862,-1.2583,0.071432,-0.45184,0.074496,0.69836,1.8651,0.67714,0.24475,1.1271,-0.6526,-0.19466,-0.23265,-1.5245,-0.99505,-0.40781,-0.94692,-0.85498,0.58677,0.70069,1.1911,1.7587,0.84112,1.5179,0.31854,0.36511,-0.78897,-1.2412,-1.4893,-0.84866,-0.81684,-1.2752,-0.27123
0.27332,0.17951,1.2729,1.1801,1.9165,1.6439,0.20668,-0.24659,-0.018253,-1.8655,-1.6792,-1.4845,-0.56636,-1.327,-0.40086,0.95999,0.95618,0.43187,1.1452,0.42317,1.0219,-0.029645,-0.50512,-0.35616,-0.78046,-1.9036,-0.66864,-0.67131,-0.60777,0.64085,0.52151,1.6723,0.7327,1.5858,0.45983,-0.50331,-1.1477,-1.1795,-1.0342,-1.858,-0.76251,-0.61521,0.042156,0.65642,1.4339,0.39961,1.5334,0.60104,1.0224,-0.5408,-0.75924,-0.3823,-0.74274,-0.95807,-0.86999,-1.0149,-0.019938,0.5812,0.9628,1.0423
-0.42784,0.86333,0.69932,1.1788,0.92002,1.3951,-0.18513,0.048719,-1.1214,-0.71344,-1.7298,-1.1209,-1.4388,-0.3664,-0.23966,1.2936,0.9547,1.7042,1.5517,0.46835,-0.20618,-0.31246,-1.0394,-1.2183,-1.0477,-1.0083,-1.3585,0.25632,0.37363,0.55695,0.82184,0.85657,0.69575,-0.15276,-0.11437,-0.73288,-1.4809,-1.6992,-1.7804,-0.25964,-0.30561,0.028845,1.3849,0.4873,1.2037,1.4813,1.2018,-0.58079,-0.13903,-0.42084,-0.74615,-0.71768,-1.7984,-1.1231,0.049749,1.1029,1.0539,1.3309,0.53548,1.0865
0.017531,0.14382,0.70066,1.3285,1.2392,0.82489,0.41225,-0.4006,-1.3426,-1.8045,-1.0895,-0.91884,-0.88249,-0.9836,0.15124,0.73983,1.3273,1.3742,0.85997,0.96052,0.3362,-0.46654,-0.77336,-1.0968,-1.2359,-1.6961,-0.50288,0.19318,0.51212,0.89176,0.84413,1.1254,0.19733,-0.13769,-0.030796,-1.5667,-0.93639,-1.4479,-0.71279,-1.08,-0.34041,-0.030604,1.2815,1.4994,1.4699,0.45088,0.56077,0.26974,-1.0384,-0.56473,-1.7835,-1.2813,-1.009,-0.92341,0.67836,0.7666,1.5867,0.67965,1.4641,1.1896
-0.065995,0.69639,1.0873,0.74289,1.5241,1.0712,-0.075838,0.30292,-1.0273,-1.6426,-1.7257,-1.0417,-1.2836,-0.78689,-0.032164,0.23569,1.5935,1.5573,1.2142,0.60759,0.61029,-0.9801,-1.4369,-1.7605,-0.90711,-1.1646,-0.68704,0.42262,0.42538,0.75776,0.95152,1.3218,0.49802,0.24428,0.46861,-0.36222,-1.3388,-0.83041,-1.1124,-0.82087,-0.71028,0.33921,0.88306,0.65346,1.2692,1.4197,0.18545,0.55078,-0.016937,-1.3947,-1.3085,-1.8299,-1.0158,-0.31338,0.1293,-0.06578,1.3115,1.4043,0.77496,0.48349
-0.3607,0.35187,0.87114,1.1568,1.2327,0.41118,0.051418,-0.27521,-0.83689,-1.4573,-1.0316,-1.2761,-1.3003,-0.26392,0.34567,0.69681,1.1957,1.0096,0.83053,0.92396,0.1429,-0.56903,-0.88949,-1.8519,-1.4517,-1.0219,-0.54208,0.20814,0.62365,0.92329,1.2082,0.71345,1.1229,0.42669,-0.81018,-0.74251,-0.73377,-1.0589,-1.3858,-1.0202,0.25302,1.2579,1.6017,1.7699,1.3127,0.99906,-0.07417,-0.83231,-0.81809,-1.7247,-1.572,-1.3581,-1.2262,0.090373,0.43506,0.92694,0.8218,0.89484,1.2309,0.44439
-0.38828,0.55101,1.0168,1.6441,0.67269,0.43502,0.17412,-0.17573,-1.133,-0.61163,-1.8838,-1.562,-1.4054,0.0067099,0.14717,1.2837,1.2601,1.0458,1.1158,0.097631,0.30808,-0.72519,-1.3085,-1.6499,-0.70314,-0.64962,-0.52417,0.52675,0.51982,0.81689,0.82061,1.255,1.1015,0.56402,-0.14674,-1.3647,-1.0652,-1.5004,-0.5527,-0.98304,-0.48179,1.0754,1.0541,1.6616,1.0734,1.498,0.50174,-0.19103,-0.99509,-1.585,-1.0202,-1.7608,-0.93842,-0.57775,-0.10586,0.85429,1.1888,0.77696,0.68495,0.25665
-0.059733,0.041713,0.94604,1.0039,0.77121,0.75893,-0.064033,-0.41648,-1.5248,-0.80195,-1.4342,-0.91466,-1.1072,0.36124,0.11839,1.5479,1.8044,1.2881,0.17043,-0.37664,-0.28127,-0.55558,-1.7395,-1.4105,-1.361,-0.096173,0.61034,0.85631,1.6747,1.5406,1.4271,0.44965,0.15649,-0.57385,-0.71994,-1.3679,-1.7815,-1.458,-0.066765,-0.24111,1.166,0.93616,1.8546,1.0522,0.05765,0.025987,-1.0951,-0.80259,-1.6597,-1.1169,-0.52289,-0.57437,-0.025548,0.5142,1.4025,0.89542,0.6026,0.61489,-0.22078,-0.27893
-0.50173,1.0498,1.6236,1.1803,1.0228,0.063886,0.28248,-1.5662,-1.9249,-1.7539,-1.4555,-0.39775,0.57398,1.0489,0.58717,1.6131,0.16586,0.54739,-0.13976,-1.8757,-1.2381,-1.1329,-0.46352,0.21272,1.2322,1.5482,0.96322,0.3768,0.57915,-0.14396,-0.79986,-1.7802,-0.88267,-0.55995,-0.45299,0.97355,0.72228,1.2855,0.75465,0.90967,0.37337,-0.21841,-0.65088,-0.88512,-1.4732,-0.45122,-0.60703,0.92952,1.3424,1.5908,0.94424,-0.010442,-0.51086,-1.0464,-1.223,-0.79794,-0.39593,-0.18969,0.1608,0.87157
0.47057,0.79038,1.7368,1.4975,0.53991,0.41505,0.21721,-0.97906,-1.3882,-1.8534,-1.5097,-0.082503,0.5641,1.2415,1.6876,0.76197,0.9147,0.64015,0.4593,-0.51249,-0.89436,-0.75486,-0.79169,-1.091,0.39372,0.59336,1.4712,1.6021,0.7332,0.17029,0.0048601,-1.1377,-1.4951,-1.7692,-1.3775,-0.74587,-0.52659,0.94066,0.97571,1.2648,0.62251,0.18286,0.10514,-1.1216,-0.60356,-1.4817,-0.74902,-0.069937,-0.35417,1.1684,1.3268,0.82625,0.892,0.15662,0.36848,-0.036294,-0.93647,-1.4036,-1.3909,-0.67935
0.048598,0.86829,0.88402,1.1182,1.5765,0.35227,0.10123,0.2842,-0.42324,-1.2464,-1.3641,-1.4596,-1.2998,-0.6457,-0.10457,0.71976,1.7901,0.71597,0.75523,-0.10818,-0.082285,-0.84345,-1.5987,-1.0041,-1.0142,-0.5695,0.21147,0.5541,0.7514,1.2228,1.6367,1.0973,1.0808,0.010964,-0.25917,-1.1081,-1.2537,-1.6622,-1.3893,-0.72276,0.24758,0.55131,0.80847,0.73459,0.86097,1.0361,0.34108,-0.63697,-0.93953,-1.8862,-1.8036,-0.92811,-0.82583,0.18572,0.31224,1.6849,0.78518,1.5582,0.63759,-0.34445
0.63836,0.63972,0.83028,1.1351,0.9327,0.81708,0.19363,-0.64851,-1.0499,-1.7215,-1.0042,-0.022734,-0.45031,0.22214,1.3899,1.0769,1.0481,0.072629,0.14793,-0.96262,-1.3897,-0.89272,-1.4975,-0.52879,0.33101,1.2653,1.7426,0.88324,1.3878,0.26459,0.11188,-1.0239,-1.4464,-1.0613,-1.2203,-0.72525,-0.27794,0.42339,1.8001,1.2477,1.6403,0.078886,0.3869,-1.2021,-1.1024,-1.4404,-0.45513,-0.50133,0.20851,0.72817,1.9461,1.305,0.48787,-0.070019,-0.043517,-0.95907,-1.1576,-1.4587,-0.92797,-0.14175
-0.51242,0.76605,0.73994,1.6467,1.33,0.39217,0.020845,-1.1488,-0.97849,-0.57963,-0.90979,0.57567,1.3919,1.732,0.60361,0.73695,0.058303,-1.2497,-1.0725,-1.2584,-0.65429,-0.35867,-0.12206,1.0295,1.1902,1.6798,0.38899,-0.48537,-1.2865,-1.0065,-1.3591,-0.74216,0.26023,0.75662,1.3231,0.9667,1.1797,0.10408,-1.0048,-1.1587,-1.8188,-0.93431,-0.0042379,0.44157,0.3304,0.519,0.73336,0.42922,-0.31161,-1.357,-1.584,-1.9937,-0.42041,-0.63345,0.27621,1.5785,1.5307,0.56684,0.49851,-0.83185
0.21465,0.074242,0.83194,1.0834,1.9144,1.5917,0.48755,0.28692,-0.16917,-0.83151,-1.642,-1.7398,-0.45202,-0.33693,0.080205,0.17678,1.3895,1.1607,1.4448,0.6197,1.1478,-0.073235,-0.4389,-0.44229,-1.0834,-1.7963,-1.0247,-0.17623,-0.46199,0.4919,1.3447,1.7013,1.4129,0.78586,0.56901,0.066235,0.35191,-1.2994,-0.83172,-1.2601,-1.2536,-0.49938,0.02395,-0.21135,0.16488,0.51731,0.73112,0.92944,0.13178,-0.49957,-0.17595,-1.2996,-1.6476,-1.8545,-1.5093,-0.7672,-0.63703,-0.011223,1.439,1.2604
0.10866,0.44508,1.3295,1.4129,0.63219,0.57002,-0.40929,-1.5545,-1.6581,-1.5385,-0.89156,0.15229,1.3703,1.4009,1.4993,0.88802,-0.55697,-0.68544,-0.82807,-0.75351,-1.11,-0.65865,0.72744,0.65878,1.662,1.3696,0.69697,-0.56917,-1.348,-1.3261,-0.75869,-0.19083,-0.084713,0.56426,1.0006,1.4162,0.61712,0.085668,-0.84946,-1.6746,-1.034,-0.95044,-0.066518,0.050544,0.93625,1.3374,0.97509,0.53444,-0.65968,-1.3145,-1.8158,-1.0649,-0.27681,-0.16964,0.87194,1.4049,0.63692,0.66013,-0.12584,-1.0909
-0.030773,0.81981,0.56222,1.2826,1.12,0.64019,0.39847,-0.96833,-0.93192,-1.2706,-1.0593,-0.88749,0.48731,0.33337,0.40476,1.4739,0.7472,1.4169,0.10175,-0.39127,-1.1097,-0.76146,-1.1676,-0.39991,-0.92219,0.54925,1.3032,1.3938,0.87649,0.98572,1.0594,-0.86926,-1.0682,-1.4711,-1.6795,-1.1625,-0.95733,-0.48878,0.7241,0.98115,2.0283,1.9,0.06426,0.38325,-1.1754,-0.71457,-1.5316,-0.79146,-0.7717,-0.41626,0.063566,0.65812,1.5946,0.65185,1.3563,-0.075637,-0.71822,-0.41279,-0.79314,-1.3639
0.52739,0.79123,0.83625,0.78132,0.98868,-0.43498,-0.44206,-1.4354,-0.82998,-1.3446,-0.65585,0.21991,1.0385,1.0677,1.6335,0.80193,-0.32299,-1.3533,-1.9449,-0.93766,-0.46559,0.28154,0.96995,1.7958,1.0033,0.21859,0.49448,-1.5087,-1.4017,-1.2146,-0.75754,0.40314,0.98951,0.75977,0.75743,0.28339,-0.27168,-0.99936,-0.77734,-1.5032,-0.43107,0.35705,0.61742,1.09,1.8879,0.90684,0.85578,-0.26363,-1.3072,-1.3307,-0.97519,-1.1157,-0.34489,0.61729,1.3991,0.98092,1.1585,-0.24892,-0.43042,-1.465
-0.15727,0.13318,1.111,1.292,1.0339,1.1411,0.65473,-0.72407,-1.527,-0.91235,-1.0631,-0.7876,-0.098568,0.44911,0.90844,1.5207,1.3721,0.663,1.168,-0.19067,-0.94618,-1.3801,-1.7919,-1.5469,-0.60233,-0.50146,0.12001,0.89147,1.2785,1.1591,0.83615,0.4899,-0.4912,-0.35167,-1.1696,-1.8473,-1.1553,-0.98966,-0.35736,-0.073397,0.82359,1.749,1.4321,0.84447,-0.24813,-0.1054,-0.56556,-1.7827,-1.7077,-0.64201,-0.79849,-0.48548,0.82534,0.72409,1.0984,1.0954,0.66103,0.63023,-0.35798,-0.74767
-0.044454,0.91104,0.63013,1.6151,0.84076,0.30071,0.51198,-0.74031,-0.63513,-1.0837,-1.1487,-0.61491,-0.2486,0.68893,0.8893,1.0417,0.68652,1.3931,0.18459,-0.82989,-1.159,-1.3479,-1.111,-1.0324,-0.82394,0.43849,1.3763,1.6689,1.0395,0.58775,0.081235,-0.10431,-0.20286,-1.031,-1.6675,-1.2875,-0.76263,0.39716,0.6007,1.4243,0.97159,1.2534,0.82198,0.10757,-0.80467,-1.5827,-0.77494,-1.1946,-1.072,-0.36682,0.77637,0.83747,1.8522,1.7396,0.55741,0.086652,-0.58328,-1.4151,-1.438,-1.2047
0.14823,0.8788,1.0883,1.3385,1.4832,0.22791,0.62986,-0.59917,-1.0512,-0.66761,-0.86633,-0.77729,-0.54375,0.00020507,1.1708,1.416,0.72462,0.25237,0.47003,-0.06413,-1.7174,-1.4232,-1.1807,-0.48817,-0.75854,1.0922,0.42482,0.82721,1.1803,1.3411,0.16793,0.3443,-0.98924,-1.5221,-0.911,-1.2109,0.19315,0.070213,0.84426,0.94164,1.6008,0.79742,0.81122,0.5507,-0.42734,-1.6299,-1.2435,-0.50509,-0.92087,-0.61944,0.53177,1.8363,0.84899,1.2018,0.69167,-0.3658,-1.223,-1.2874,-2.0631,-1.0705
-0.85426,0.93698,1.6112,0.99089,0.90013,0.15713,-0.1279,-0.8163,-1.1527,-1.7771,-0.77211,0.22865,0.35738,1.5595,0.50284,0.91954,0.89841,-0.036761,-0.38323,-1.3256,-1.3316,-0.70407,-0.12462,1.071,1.0463,0.84347,1.1504,-0.14618,-0.48418,-1.3989,-1.7692,-0.76109,-1.254,0.41651,-0.12398,1.6387,1.3898,1.1068,0.30751,-1.0934,-0.999,-0.80159,-0.80348,-0.82833,-0.6517,0.51369,1.4151,1.8091,0.57746,0.43302,-0.87829,-0.40169,-2.0853,-0.98321,-1.1093,0.25212,0.45987,0.52288,0.93553,1.0272
-0.052829,0.97755,1.2784,1.5675,1.2795,0.96744,0.99187,0.5205,-0.30918,-0.36197,-0.94826,-1.8094,-1.5357,-0.58602,-0.46423,0.23015,0.79926,1.506,1.0151,1.4113,0.68256,0.1471,0.26021,-0.71423,-1.291,-1.6397,-1.5611,-1.1326,-0.96707,-0.41863,-0.27199,0.42757,0.55506,1.0127,1.2464,1.4068,1.0005,0.24016,-0.92693,-0.90854,-1.1573,-0.95144,-1.2774,-1.0761,-0.50431,0.75341,0.83349,0.75873,1.7631,1.4809,0.94911,0.078374,-0.43817,-0.98357,-1.3613,-0.78206,-0.9677,-0.81184,-0.23733,0.30691
-0.018528,0.74668,0.99055,1.4852,1.2884,1.0792,0.86647,-0.42322,-0.6454,-0.98785,-1.0764,-1.7364,-0.56393,-0.36441,-0.16291,0.255,1.4612,1.6215,1.6672,0.38617,0.21744,-0.41078,-1.318,-1.6182,-1.7584,-1.4753,-1.0487,-0.81358,0.1399,0.28496,1.4183,1.1019,0.73329,0.90697,0.6866,0.07883,-0.59839,-1.5797,-1.246,-1.162,-0.57999,-0.28211,0.07764,0.49246,1.1312,1.0618,0.85244,0.7164,0.43711,-0.63516,-0.56925,-1.685,-0.9109,-1.4955,-0.72855,0.15275,0.53111,0.69025,1.1396,1.1958
-0.38845,0.11547,1.0448,1.3713,1.2091,-0.17285,-0.85689,-0.88951,-1.5746,-0.88136,-0.29183,0.081274,0.37269,1.5585,1.4172,1.1922,-0.23162,-0.91169,-1.0787,-0.9889,-1.2438,-0.95423,-0.087208,0.30301,1.1371,0.80165,1.1158,-0.39069,-0.14687,-0.81488,-0.90715,-1.0469,-0.1509,-0.17972,0.55382,0.86066,1.2891,1.1943,0.25692,-1.0173,-1.0213,-1.8889,-0.56607,-0.009801,0.46238,0.94421,0.9835,0.95344,1.0902,0.41997,-0.75652,-1.9095,-2.0194,-1.5312,-0.77576,0.25463,1.4615,1.5175,0.56088,1.1614
0.25838,1.2894,1.3855,0.87797,0.82537,0.74477,0.81031,-0.76143,0.063891,-0.68558,-1.7402,-0.85267,-0.64527,-0.41665,-0.26121,0.025085,1.4886,1.1357,1.0951,0.95742,1.0195,-0.21532,-0.24974,-0.38144,-1.048,-0.74296,-0.38166,-0.2683,0.44024,0.64271,0.49321,2.0451,1.875,0.50307,0.13655,-0.22426,0.046488,-1.6133,-0.96608,-0.90475,-1.2812,-1.4653,0.15015,0.1368,1.3976,0.81494,0.9331,0.92216,-0.0072556,-0.21424,-1.2474,-0.90686,-1.8322,-1.9125,-1.8213,-1.1865,-0.25853,-0.21163,1.5237,0.66621
-0.32977,1.0594,1.6581,1.0179,0.37373,-0.16503,-0.4792,-1.5331,-0.74632,-1.3295,0.063066,0.93172,1.3753,1.1313,0.33779,-0.1359,-0.0076137,-1.2896,-0.57666,-1.1652,-0.43192,0.65917,1.1691,1.258,0.58282,0.713,0.072615,-1.3196,-1.5249,-0.84691,-1.0062,-0.42587,0.7841,1.4639,1.5281,1.2318,-0.58659,-0.61125,-1.7551,-0.76889,-0.16884,0.034326,0.4247,1.6683,0.97905,1.4144,-0.2656,-1.1725,-0.56232,-1.0137,-1.4597,-0.60493,0.046649,0.69981,1.0918,0.85357,0.93272,0.015071,-1.4795,-1.8089
-0.57846,0.58834,0.78853,1.5742,1.5073,0.35208,0.27597,0.093829,-0.335,-1.6978,-1.7491,-1.2853,-0.68047,-0.72314,0.52664,1.0892,1.6795,0.73591,1.3582,0.72155,-0.20683,-0.32473,-1.3804,-1.5566,-1.3257,-1.1843,-0.46792,0.34847,1.055,1.4539,1.477,0.73003,0.94323,0.030737,-0.83292,-0.41393,-1.4163,-0.98563,-1.2939,-0.76083,0.35764,0.62011,0.6184,1.149,1.0946,0.26706,-0.22352,-0.46368,-1.3571,-1.0795,-1.2752,-1.1986,-1.2446,-0.17404,0.83987,1.0601,0.6795,1.377,0.52632,0.2963
-0.31712,-0.0010453,1.714,1.9018,1.6513,0.59096,-0.52918,0.24385,-1.2806,-1.9131,-1.7328,-1.3134,0.26921,0.3121,0.1525,1.1066,1.7854,1.4892,0.60851,-0.17433,-1.1284,-0.99707,-0.62225,-1.3175,-0.93187,-0.48163,0.72279,0.53623,1.717,0.89607,0.79216,-0.1018,-0.88257,-1.0334,-0.87057,-0.68799,-0.41622,-1.2257,-0.11037,0.67854,0.88927,1.6182,0.48659,0.47242,-0.2848,-0.67163,-1.0405,-0.8021,-0.65883,-1.3632,-1.1088,0.69183,0.37186,1.5572,0.56278,1.1163,0.037994,0.5312,-0.96692,-0.53809
-0.78282,0.90421,1.6717,1.7002,0.96817,0.45747,-0.67798,-0.78938,-0.74435,-1.091,-0.42773,0.11891,0.9209,1.6564,1.3857,0.054169,0.28292,-0.91665,-1.3818,-0.69536,-1.5152,-1.2101,0.14595,1.1617,0.60819,1.4264,0.9378,-0.30166,-0.24126,-1.8576,-1.9923,-0.94681,0.31633,-0.016177,0.90457,1.4417,0.95431,-0.28882,0.24387,-1.5739,-1.1554,-1.2314,-1.3009,0.21845,0.52388,1.5482,1.5422,0.4574,0.3005,-0.42682,-0.60486,-1.3618,-0.84043,-0.36787,-0.34672,0.032109,1.1237,0.94666,0.10526,0.026998
0.24453,0.41404,0.94484,1.0683,0.63795,0.44977,-0.36124,-1.1184,-1.3,-1.4714,-1.5848,-0.17048,0.79063,1.4646,1.4455,1.4493,1.4383,0.6583,-0.20142,-1.004,-1.6803,-1.0588,-0.50813,-0.36598,0.02107,0.94868,1.4608,1.2648,0.89709,0.21879,-0.56028,-1.0623,-1.0417,-1.5238,-0.29586,0.046531,0.27995,1.3806,1.4281,1.4539,0.55894,-0.36106,-1.2589,-1.4753,-1.4949,-0.75953,0.10721,0.74483,1.3969,1.2261,0.84583,0.68385,-0.43196,-0.73123,-0.57915,-0.90848,-1.2709,-0.92644,-0.58875,0.12533
-0.094224,0.64014,0.91514,1.2876,1.3188,0.3884,-0.14309,-0.53861,-1.7816,-0.98285,-0.56796,0.11096,0.052157,1.3219,1.8061,1.538,0.90624,0.038554,-1.0269,-1.6698,-0.95117,-0.92405,-0.63637,0.36387,0.98405,0.65591,0.95103,0.62319,0.80005,-0.39563,-0.54025,-1.4238,-1.6515,-1.5503,-0.088485,-0.078346,0.44263,1.5946,1.1874,0.42387,-0.24529,-0.49384,-1.4019,-0.93086,-1.06,-1.0866,0.3612,0.83614,1.6878,1.194,1.2891,0.40479,-0.7367,-1.2045,-1.3431,-0.9481,-0.7693,-0.65707,0.69415,1.1044
0.30136,0.30305,1.3008,1.7321,1.2116,0.90977,-0.81495,-0.32552,-1.8865,-1.8058,-0.92821,-0.75125,0.19231,1.0612,1.4798,1.3738,0.74616,0.33141,-0.90624,-1.0016,-1.2378,-0.7437,-0.67967,-0.78873,0.79841,0.56043,0.7185,0.88961,0.66761,0.25345,-0.96954,-0.81676,-0.81076,-0.73626,-0.66855,-0.14484,1.1655,1.6709,1.4155,1.4967,0.45369,0.2349,-0.71222,-1.9631,-1.13,-0.5911,-0.079031,0.56703,0.7232,0.60707,1.609,0.87155,-0.52857,-0.55968,-1.7392,-0.93783,-1.3915,-0.38404,0.15,0.2369
0.032651,0.14471,1.5415,1.754,0.92481,0.28104,0.55579,-0.62529,-1.1015,-1.5673,-1.2002,-0.59549,0.0093086,0.64855,1.3938,1.588,0.92781,0.33738,0.10531,-0.20615,-1.043,-1.4251,-0.84331,-0.4345,-0.10841,0.11215,0.79537,1.2366,0.90711,1.329,0.54744,-0.61785,-0.62412,-1.539,-1.6867,-0.44022,0.051183,-0.037628,0.71622,1.6177,1.7266,0.42995,0.43281,-0.72325,-0.91082,-0.73665,-1.7408,-1.3048,-0.3982,0.029465,0.6724,1.0334,1.7322,1.0497,0.32787,-0.53384,-0.80704,-1.5989,-1.5451,-0.59672
0.29204,0.12895,0.73233,1.0298,0.72424,1.1394,0.38933,-1.0221,-1.3546,-1.7809,-0.96833,-0.88261,-0.64884,-0.0371,0.95262,1.1583,1.0821,1.7686,1.3312,0.38986,-0.093131,-0.92099,-0.83787,-1.1629,-0.97989,-0.53673,0.38451,0.34352,0.79416,0.98115,1.4415,0.7355,0.071495,-0.7832,-0.25175,-0.94695,-1.4478,-0.86994,-1.1927,-0.99032,-0.17912,0.57915,1.5221,1.6833,0.56774,0.076075,-0.096149,-0.99773,-1.4711,-1.1677,-1.8621,-1.5119,-0.7073,0.87672,0.68969,1.4247,1.7247,0.53538,-0.0077412,0.15941
-0.069174,1.1795,0.58423,1.3978,0.4212,-0.33156,-0.43094,-1.433,-0.79585,-1.2115,-0.60084,0.063141,0.43171,0.94139,1.2838,0.92963,0.42703,-0.27822,-1.0888,-1.8648,-1.0691,-0.58025,0.22084,0.4641,0.7175,1.0102,1.0663,-0.53782,-0.55316,-1.3882,-1.0399,-1.1739,0.16253,0.24411,1.708,1.7167,0.4286,-0.074992,-0.41083,-1.3228,-1.7006,-1.7174,-0.21696,0.29199,0.46101,1.4759,1.3942,0.27204,0.20221,-0.46617,-1.288,-1.7327,-0.90855,-0.20745,0.45525,1.5195,1.7273,1.4138,0.52231,-0.64034
-0.33475,0.45882,0.98162,0.74211,1.3708,0.25727,0.1173,-1.1204,-1.6719,-0.62119,-1.2444,-0.2708,1.3746,1.1109,0.76372,0.52379,-0.076314,-0.16021,-1.6086,-0.76666,-0.55602,0.064516,-0.43822,1.2394,1.301,1.5479,1.0764,-0.20486,-0.75161,-1.5921,-1.2757,-0.63478,-0.94055,-0.28249,0.35141,1.551,0.63372,0.64278,-0.088689,-0.22711,-1.3505,-1.8323,-0.21629,-0.91131,0.99083,0.54983,1.1434,0.62857,0.39307,-0.83241,-1.3053,-1.4757,-0.96767,-1.3999,-0.51085,0.23587,1.6428,1.5491,1.4359,0.99107
-0.38222,0.86593,1.3082,1.0739,0.74968,0.56956,0.0875,-0.55865,-1.0115,-1.2,-1.5744,-1.7258,-1.1747,0.4768,0.25513,1.1854,1.0573,0.80052,1.047,0.10513,-0.50206,-0.82422,-1.1,-1.788,-1.3556,-0.60977,-0.26985,0.95175,1.3376,1.32,1.5429,1.2527,-0.099294,-0.67784,-1.0446,-0.83303,-1.9362,-1.5407,-1.1915,0.29637,0.36447,0.69259,1.3656,1.1729,0.60624,1.061,0.35818,-1.0852,-0.74364,-1.1817,-0.5993,-1.1208,-0.50805,0.98264,0.73244,0.99402,0.77355,0.76852,0.29783,0.18528
0.22912,1.2784,0.59261,1.3557,0.61067,-0.025749,-0.9953,-1.3639,-1.2911,-1.2594,-0.18853,0.37256,1.4628,1.7207,0.91128,0.14268,-0.27559,-1.3992,-0.85985,-0.83914,-0.58462,0.9992,1.0876,1.7878,1.0462,1.0229,0.24409,-1.3779,-0.77776,-0.85344,-1.1679,-0.088555,1.4784,1.5123,1.5234,0.64204,-0.49723,-0.67297,-1.7285,-0.93184,-1.3155,0.062989,0.17184,0.97575,0.92721,0.64056,0.12254,-0.68769,-1.2371,-0.7717,-0.59678,-0.64205,0.12809,1.4157,0.87456,0.66822,-0.10119,-1.1101,-1.4222,-0.94516
0.41668,0.042536,0.8301,1.096,1.6727,0.91013,1.0369,-0.048544,-0.39513,-0.66839,-0.96092,-0.97803,-0.78749,-0.34134,-0.63677,-0.080071,1.1286,1.124,1.5584,1.1701,1.1834,-0.23493,-0.48122,-0.7075,-1.5103,-1.4818,-0.76279,-0.62023,-0.464,0.63716,0.63695,1.4444,1.105,0.9407,0.58372,-0.12022,-0.5676,-0.79589,-1.0261,-0.80255,-1.761,-1.2931,-0.060398,-0.19789,0.71236,1.2369,1.5237,1.6125,0.76965,0.6886,0.21379,-0.95652,-1.3985,-1.6484,-1.6057,-1.5319,-1.0425,0.42421,-0.049184,1.3176
-0.19309,0.38534,1.2822,1.6362,1.1204,0.42056,-0.043898,-0.42067,-0.97292,-1.7688,-0.77046,-0.72513,-0.1978,0.45828,0.80823,1.0301,1.2163,1.0192,-0.51173,-0.95995,-1.6671,-1.587,-0.87691,-0.31056,0.65612,0.99208,1.2883,1.8256,0.70408,0.68994,-0.19867,-1.1784,-1.2943,-0.79511,-1.5499,0.0094538,0.21909,0.6454,1.395,1.1998,0.92077,0.99406,0.009746,-1.02,-1.0093,-1.7584,-1.0625,0.025137,0.027855,0.8738,1.4194,1.3008,1.01,0.04571,-0.2014,-0.9589,-1.5756,-0.89949,-0.52536,-0.59572
-0.3885,0.44658,1.6827,1.8558,0.49247,0.96347,-0.57254,-0.91041,-1.0064,-0.84724,-0.46734,0.1206,0.67469,0.51382,0.81813,1.4378,0.64845,-0.37271,-1.0963,-0.5864,-1.7932,-0.89689,-0.49619,0.28514,0.59521,0.69058,1.0772,1.1386,0.36021,0.17702,-0.70266,-1.252,-1.548,-1.3613,-0.86908,0.75442,0.5193,1.5171,1.6471,0.25659,0.43394,-0.71576,-1.6067,-0.79012,-1.272,-0.969,0.1999,1.2165,1.1648,1.6464,1.0462,0.99196,-0.4829,-1.2386,-1.4805,-1.1906,-1.2359,-0.16258,0.12374,0.81558
-0.55072,0.64464,1.8666,1.0812,0.90717,0.67019,0.35519,0.01736,-0.65621,-1.7438,-0.71287,-0.61836,-0.9502,0.0899,-0.5262,-0.17221,0.70581,1.541,1.4345,1.5668,0.42744,0.63929,-0.51505,-0.56729,-0.44161,-1.7605,-0.6659,-1.36,-0.29887,1.0004,0.31899,1.1916,1.4479,0.55969,0.99969,1.1246,0.42743,-1.0552,-1.2844,-1.9345,-0.72784,-0.27817,-1.1289,-0.34817,0.23359,1.5673,1.0656,0.69282,0.73079,0.53619,-0.94092,0.076492,-1.0896,-1.0617,-2.1224,-1.4713,-0.73352,0.68805,0.36195,0.74639
0.083601,0.23826,0.67592,0.92972,1.5356,0.14343,-0.8105,-0.78085,-1.3224,-1.78,-0.65984,-0.34446,1.2387,1.0379,1.4926,1.4762,0.68596,-0.65003,-0.84386,-1.7128,-1.7388,-0.64068,-0.11047,0.71105,0.70481,1.4543,0.55695,0.92104,-0.15466,-1.4823,-1.1512,-1.434,-0.35236,-0.2154,0.48857,0.67467,0.75681,0.76401,0.62001,-0.4834,-1.3426,-1.0978,-1.1147,-0.48442,-0.62924,1.2281,1.2152,1.7034,0.59448,0.87076,-0.47992,-0.79301,-1.8565,-0.72376,-0.85442,0.17185,0.18473,0.72902,1.6344,0.52234
0.46612,1.0797,1.2105,1.4859,0.91001,1.7293,0.25033,-0.48895,0.14869,-1.7172,-1.9512,-0.82994,-1.2116,-1.0021,0.20986,1.0668,0.4301,1.1003,1.4794,0.44945,1.1434,0.37137,-0.55458,-1.3906,-1.8115,-1.4827,-0.88906,-0.55828,-0.75758,-0.10507,1.4867,0.71643,1.3489,1.4467,0.2806,-0.57673,-0.59907,-0.75532,-1.404,-1.0899,-1.834,-0.45307,0.036471,-0.25115,0.63935,1.1825,0.97862,0.50261,0.30283,0.62635,-0.40187,-0.21925,-1.2589,-0.63715,-0.82976,-0.51264,-0.20248,0.62178,0.86327,1.2114
-0.82919,-1.9221,-1.2748,-1.3978,-1.2016,-1.4453,0.14084,-1.2645,-1.0095,-0.68559,0.20787,-1.6539,-0.043934,-1.3303,0.016406,-1.0765,0.32128,-1.3896,-1.0318,-0.56294,0.41239,-0.69916,0.29612,0.47339,-0.70278,0.033309,-0.73883,-0.98063,-0.55154,-0.19754,-0.93972,0.27302,-0.83746,-0.13669,0.34063,0.29782,0.90384,-0.60469,1.1777,0.65212,1.3999,0.94259,0.42747,0.63287,-0.16601,0.40065,0.42727,1.6929,0.18112,0.70561,-0.08822,0.33139,1.1071,1.5088,1.7362,1.9728,0.58062,1.9511,1.744,1.4732
-1.2012,-1.6623,-1.8794,-0.82495,-2.0236,-0.94553,-1.4934,-0.77809,-0.99298,-0.86615,-1.3478,-0.83392,-0.80442,-0.49999,-1.1931,-1.2576,-0.20171,-0.54142,-1.1662,-0.70742,-0.27239,-0.81075,-0.83304,-0.2217,-0.60426,-0.16674,0.070708,0.43657,-0.54233,-0.21567,-0.4414,0.26988,0.22333,0.43111,-0.12151,0.66658,0.50495,0.86121,0.0056894,0.071247,0.39632,1.1421,0.60136,0.91229,0.38387,1.3271,1.4243,0.97495,1.2859,0.52365,1.1018,0.61264,1.24,0.99704,0.89292,1.8034,1.8742,1.2759,1.9774,1.1626
-1.7463,-0.44609,-1.5348,-0.46182,-0.4494,-1.8932,-0.92237,-1.3296,-1.8829,-0.54728,-1.7162,-0.74901,-0.48046,-1.1103,-0.099388,-1.2005,-1.4319,-0.57318,-0.73589,-0.82923,0.40539,0.16207,0.24475,-0.46114,-1.0466,0.25388,0.71649,0.2435,-1.0683,-0.25835,0.80347,-0.76779,-0.83836,0.37099,-0.30863,-0.039577,0.51961,1.0077,1.0552,1.0579,0.047909,0.3147,0.50691,-0.047742,0.31436,1.2766,-0.13385,1.7017,1.2392,1.6871,0.71425,0.49238,1.5788,1.3585,1.0903,1.2114,2.0348,0.64835,1.101,0.95098
-2.1199,-2.043,-1.6323,-0.77212,-0.93532,-1.3537,-0.85629,-1.3434,-1.7182,-1.247,-0.41989,-1.4078,-0.33551,-0.47961,-0.19108,-0.6154,-0.72459,-1.2965,-1.2462,-0.21437,-0.63869,-0.10211,-0.59069,-0.5514,-0.93119,0.30922,-0.39112,-0.47631,-0.039129,0.33055,0.45331,-0.39541,0.40944,-0.2449,0.30935,0.31703,0.32586,0.62465,0.058261,0.71655,0.6904,1.0129,0.48698,1.0849,1.1681,1.0432,0.62502,0.29257,1.043,1.5456,1.2867,0.91265,1.565,1.0734,1.8512,0.86793,0.66211,1.5425,1.031,1.6738
-1.326,-1.3756,-0.89393,-1.8819,-1.8586,-1.2171,-0.86202,-0.7558,-1.6886,-1.532,-0.54339,-1.3045,-1.2815,-0.57293,-1.261,-0.66758,-0.92482,-0.35528,-0.40407,0.077857,0.093171,-0.42383,-0.72084,-0.16153,-0.2956,-0.53502,0.033779,-0.72248,-0.012564,0.035903,-0.61058,0.30561,-0.35503,-0.31436,0.89535,1.0265,0.1156,0.46015,-0.085806,0.2025,0.16389,0.32664,0.59585,0.45754,1.3542,1.0643,1.6101,1.5683,0.67258,0.76342,1.0811,1.4545,1.2186,1.6773,0.89233,1.8976,1.6163,0.99686,1.1785,1.1079
