Date,IBM,AAPL,GOOG,MSFT,INTC,FB,AMZN,C
1/2/2013,196.350006,549.029976,723.25123,27.620001,21.379999,28,257.309998,41.25
1/3/2013,195.270004,542.099991,723.671256,27.25,21.32,27.77,258.480011,41.389999
1/4/2013,193.990005,526.999992,737.971262,26.74,21.16,28.76,259.149994,42.43
1/7/2013,193.139999,523.900002,734.751286,26.690001,21.25,29.42,268.459991,42.470001
1/8/2013,192.869995,525.31002,733.301227,26.549999,21.09,29.059999,266.380005,42.459999
1/9/2013,192.320007,517.100006,738.121237,26.700001,21.450001,30.59,266.350006,42.040001
1/10/2013,192.880005,523.509979,741.481263,26.459999,21.799999,31.299999,265.339996,42.830002
1/11/2013,194.449997,520.300026,739.99126,26.83,22,31.719999,267.940002,42.34
1/14/2013,192.619995,501.750015,723.25123,26.889999,22,30.950001,272.730011,42.220001
1/15/2013,192.5,485.920013,724.931273,27.209999,21.879999,30.1,271.899994,42.57
1/16/2013,192.589996,506.089981,715.191211,27.040001,22.110001,29.85,268.929993,42.48
1/17/2013,193.649994,502.680023,711.321223,27.25,22.68,30.139999,270.480011,41.240002
1/18/2013,194.470001,500.000015,704.511235,27.25,21.25,29.66,272.119995,41.66
1/22/2013,196.080002,504.770004,702.871197,27.15,21.17,30.73,270.190002,41.779999
1/23/2013,204.720001,514.010002,741.501296,27.610001,21.110001,30.82,268.109985,42.02
1/24/2013,204.419998,450.499977,754.211317,27.629999,20.950001,31.08,273.459991,42.799999
1/25/2013,204.970001,439.880001,753.671274,27.879999,20.959999,31.540001,283.98999,42.91
1/28/2013,204.929993,449.830002,750.731274,27.91,21.049999,32.470001,276.040009,42.34
1/29/2013,203.899994,458.269981,753.681322,28.01,21.280001,30.790001,260.350006,42.16
1/30/2013,203.520004,456.830002,753.831296,27.85,21.370001,31.24,272.76001,41.950001
1/31/2013,203.070007,455.489998,755.691272,27.450001,21.040001,30.98,265.5,42.16
2/1/2013,205.179993,453.619995,775.601349,27.93,21.360001,29.73,265,43.02
2/4/2013,203.789993,442.320004,759.021279,27.440001,21.16,28.110001,259.980011,42.209999
2/5/2013,202.789993,457.840012,765.741331,27.5,21.18,28.639999,266.890015,42.919998
2/6/2013,201.020004,457.350014,770.171333,27.34,20.99,29.049999,262.220001,43.049999
2/7/2013,199.740005,468.220009,773.951324,27.280001,20.809999,28.65,260.230011,42.869999
2/8/2013,201.679993,474.980003,785.371369,27.549999,21,28.549999,261.950012,42.68
2/11/2013,200.160004,479.930023,782.421322,27.860001,21.030001,28.26,257.209991,43.150002
2/12/2013,200.039993,467.900002,780.701335,27.879999,21.190001,27.370001,258.700012,44.349998
2/13/2013,200.089996,467.009995,782.861321,28.030001,21.25,27.91,269.470001,44
2/14/2013,199.649994,466.590012,787.82138,28.040001,21.23,28.5,269.23999,44.32
2/15/2013,200.979996,460.160011,792.891346,28.01,21.120001,28.32,265.089996,43.84
2/19/2013,200.320007,459.990021,806.851398,28.049999,21.09,28.93,269.75,44.5
2/20/2013,199.309998,448.850006,792.461334,27.870001,20.73,28.459999,266.410004,43.220001
2/21/2013,198.330002,446.060009,795.531336,27.49,20.25,27.280001,265.940002,42.349998
2/22/2013,201.089996,450.809998,799.711381,27.76,20.42,27.129999,265.420013,42.790001
2/25/2013,197.509995,442.799988,790.771365,27.370001,20.23,27.27,259.869995,41.150002
2/26/2013,199.139999,448.970009,790.13134,27.370001,20.58,27.389999,259.359985,41.290001
2/27/2013,202.330002,444.569988,799.781345,27.809999,20.93,26.870001,263.25,42.16
2/28/2013,200.830002,441.400009,801.201384,27.799999,20.879999,27.25,264.269989,41.970001
3/1/2013,202.910004,430.470013,806.191401,27.950001,21.030001,27.780001,265.73999,42.110001
3/4/2013,205.190002,420.049988,821.501406,28.15,21.27,27.719999,273.109985,42.939999
3/5/2013,206.529999,431.139988,838.601424,28.35,21.51,27.52,275.589996,43.599998
3/6/2013,208.380005,425.659996,831.381396,28.09,21.75,27.450001,273.790009,44.580002
3/7/2013,209.419998,430.580002,832.601408,28.139999,21.889999,28.58,273.880005,45
3/8/2013,210.380005,431.720001,831.521445,28,21.58,27.959999,274.190002,46.68
3/11/2013,210.080002,437.869995,834.821433,27.870001,21.690001,28.139999,271.23999,47.599998
3/12/2013,210.550003,428.429993,827.611391,27.91,21.639999,27.83,274.130005,46.950001
3/13/2013,212.059998,428.349991,825.311416,27.92,21.66,27.08,275.100006,46.970001
3/14/2013,215.800003,432.499992,821.541411,28.139999,21.65,27.040001,265.73999,47.459999
3/15/2013,214.919998,443.660007,814.301411,28.040001,21.379999,26.65,261.820007,47.259998
3/18/2013,213.210007,455.720016,807.791372,28.1,21.26,26.49,257.890015,46.240002
3/19/2013,213.440002,454.489975,811.321406,28.18,21.139999,26.549999,256.410004,45.790001
3/20/2013,215.059998,452.079987,814.71139,28.32,21.18,25.860001,257.279999,46.09
3/21/2013,212.259995,452.729988,811.261367,28.110001,21.040001,25.74,253.389999,45.23
3/22/2013,212.080002,461.910011,810.311407,28.25,21.33,25.73,257.75,45.23
3/25/2013,210.740005,463.580009,809.641362,28.16,21.15,25.129999,256.019989,44.490002
3/26/2013,212.360001,461.140007,812.421402,28.16,21.77,25.209999,260.309998,44.830002
3/27/2013,210.889999,452.079987,802.661367,28.370001,21.83,26.09,265.299988,44.459999
3/28/2013,213.300003,442.660011,794.191369,28.610001,21.84,25.58,266.48999,44.240002
4/1/2013,212.380005,428.910004,801.191398,28.610001,21.43,25.530001,261.609985,43.790001
4/2/2013,214.360001,429.789997,813.041394,28.799999,21.459999,25.42,263.320007,44.110001
4/3/2013,212.660004,431.989994,806.201387,28.559999,21.049999,26.25,259.029999,42.5
4/4/2013,211.309998,427.71999,795.071366,28.6,21.139999,27.07,259.079987,42.77
4/5/2013,209.410004,423.199993,783.051362,28.700001,20.940001,27.389999,255.479996,43.009998
4/8/2013,209.320007,426.209995,774.851354,28.59,21.09,26.85,258.950012,43.560001
4/9/2013,209.220001,426.98,777.651304,29.610001,21.75,26.59,261.140015,43.889999
4/10/2013,212,435.689999,790.181331,30.280001,22.26,27.57,264.769989,45.060001
4/11/2013,212.919998,434.329994,790.391345,28.940001,21.83,28.02,269.850006,44.869999
4/12/2013,211.380005,429.800011,790.051329,28.790001,21.68,27.4,272.869995,44.779999
4/15/2013,209.259995,419.85001,781.931333,28.690001,21.379999,26.52,267.720001,44.869999
4/16/2013,212,426.240009,793.37135,28.969999,21.92,26.92,272.339996,46.66
4/17/2013,209.669998,402.800007,782.561372,28.83,21.93,26.629999,267.399994,45.740002
4/18/2013,207.149994,392.049988,765.911339,28.790001,22.24,25.690001,259.420013,45.09
4/19/2013,190,390.530006,799.871342,29.77,22.440001,25.73,260.320007,45.029999
4/22/2013,187.830002,398.670006,800.111374,30.83,22.879999,25.969999,263.549988,45.150002
4/23/2013,191.610001,406.12999,807.901403,30.6,23.379999,25.98,268.899994,46.459999
4/24/2013,191.710007,405.459988,813.451373,31.76,23.66,26.110001,268.779999,47.119999
4/25/2013,193.949997,408.380001,809.101381,31.940001,23.379999,26.139999,274.700012,47.110001
4/26/2013,194.309998,417.199989,801.421383,31.790001,23.4,26.85,254.809998,46.919998
4/29/2013,199.149994,430.119991,819.061382,32.610001,23.76,26.98,249.740005,46.82
4/30/2013,202.539993,442.779987,824.571408,33.099998,23.950001,27.77,253.809998,46.66
5/1/2013,199.630005,439.290001,820.431429,32.720001,23.99,27.43,248.229996,45.869999
5/2/2013,202.389999,445.519997,829.611416,33.16,24.110001,28.969999,252.550003,46.540001
5/3/2013,204.509995,449.980019,845.721469,33.490002,23.959999,28.309999,258.049988,46.970001
5/6/2013,202.779999,460.709984,861.551483,33.75,23.91,27.57,255.720001,47.48
5/7/2013,203.630005,458.660004,857.231449,33.310001,24.15,26.889999,257.730011,48.110001
5/8/2013,204.820007,463.839989,873.631526,32.990002,24.25,27.120001,258.679993,49.290001
5/9/2013,203.240005,456.769974,871.481464,32.66,24.360001,27.040001,260.160004,48.599998
5/10/2013,204.470001,452.969994,880.2315,32.689999,24.5,26.68,263.630005,48.75
5/13/2013,202.470001,454.740021,877.531533,33.029999,24.08,26.82,264.51001,48.919998
5/14/2013,203.210007,443.860012,887.101527,33.529999,23.84,27.07,268.329987,50.09
5/15/2013,203.320007,428.850002,915.89158,33.849998,24.200001,26.6,266.559998,51.34
5/16/2013,204.690002,434.580013,903.871576,34.080002,23.940001,26.129999,264.119995,50.610001
5/17/2013,208.440002,433.26001,909.181575,34.869999,24.040001,26.25,269.899994,51.450001
5/20/2013,207.600006,442.930004,908.531564,35.080002,24.08,25.76,267.630005,51.599998
5/21/2013,208.649994,439.659996,906.971536,34.849998,24.15,25.66,268.859985,51.66
5/22/2013,206.990005,441.349995,889.421534,34.610001,24.07,25.16,262.959991,51
5/23/2013,206.160004,442.139999,882.79154,34.150002,24.049999,25.059999,261.799988,50.529999
5/24/2013,205.720001,445.150002,873.321468,34.27,23.92,24.309999,261.73999,50.52
5/28/2013,207.779999,441.44001,881.271518,35.02,24.08,24.1,267.290009,51.790001
5/29/2013,207.919998,444.949997,868.311479,34.880001,24.27,23.32,265.529999,52.279999
5/30/2013,209.360001,451.580002,870.761489,35.029999,24.209999,24.549999,266.829987,53.27
5/31/2013,208.020004,449.730026,871.221521,34.900002,24.280001,24.35,269.200012,51.990002
6/3/2013,208.949997,450.720009,867.63151,35.59,25.24,23.85,266.880005,51.959999
6/4/2013,206.190002,449.30999,859.101473,34.990002,25.360001,23.52,265.700012,51.23
6/5/2013,202.740005,445.110001,859.701493,34.779999,24.700001,22.9,267.170013,50.029999
6/6/2013,203.800003,438.459995,864.641457,34.959999,24.65,22.969999,267.829987,50.830002
6/7/2013,206.350006,441.810005,879.731524,35.669998,24.59,23.290001,276.869995,51.599998
6/10/2013,205.020004,438.889992,890.22152,35.470001,25.01,24.33,281.070007,51.93
6/11/2013,203.979996,437.600002,879.811535,34.84,24.709999,24.030001,274.779999,49.950001
6/12/2013,201.199997,432.189999,871.981501,35,24.459999,23.77,271.670013,49.439999
6/13/2013,203.770004,435.959991,877.001476,34.720001,24.99,23.73,275.790009,50.290001
6/14/2013,202.199997,430.050003,875.041517,34.400002,24.92,23.629999,273.98999,49.220001
6/17/2013,203.039993,432.000008,886.251549,35,25.1,24.02,278.059998,49.360001
6/18/2013,204.869995,431.769989,900.621519,34.98,25.469999,24.209999,281.76001,50.009998
6/19/2013,201.940002,422.999989,900.681558,34.59,25,24.309999,278.160004,49.529999
6/20/2013,197.350006,416.840008,884.741513,33.490002,24.190001,23.9,273.440002,47.900002
6/21/2013,195.460007,413.500011,880.931503,33.27,24.200001,24.530001,273.359985,46.869999
6/24/2013,193.539993,402.540001,869.791496,33.720001,23.58,23.940001,270.609985,45.439999
6/25/2013,194.979996,402.62999,866.201484,33.669998,23.879999,24.25,272.089996,47
6/26/2013,194.860001,398.069992,873.651498,34.349998,24.01,24.16,277.570007,47.610001
6/27/2013,195.649994,393.779987,877.071501,34.619999,24.049999,24.66,277.549988,48.279999
6/28/2013,191.110001,396.53001,880.371488,34.540001,24.23,24.879999,277.690002,47.970001
7/1/2013,191.279999,409.219994,887.88154,34.360001,23.889999,24.809999,282.100006,48.25
7/2/2013,191.5,418.490005,882.311537,33.939999,23.719999,24.41,283.730011,48.150002
7/3/2013,193.25,420.799992,886.431543,34.009998,23.76,24.52,284.029999,47.669998
7/5/2013,194.929993,417.419994,893.491549,34.209999,24.059999,24.370001,285.880005,48.529999
7/8/2013,194.979996,415.050007,905.091527,34.330002,23.190001,24.709999,290.589996,49.52
7/9/2013,191.300003,422.349987,905.241563,34.349998,23.139999,25.48,291.529999,50.209999
7/10/2013,192.25,420.730003,905.991557,34.700001,23.25,25.799999,292.329987,49.630001
7/11/2013,192.800003,427.289993,920.241572,35.689999,23.99,25.809999,299.660004,50.040001
7/12/2013,192.070007,426.510002,923.001578,35.669998,23.9,25.91,307.549988,50.810001
7/15/2013,194,427.44001,924.691608,36.169998,23.940001,26.280001,306.570007,51.810001
7/16/2013,193.850006,430.199993,919.611594,36.27,24.25,26.32,306.869995,51.830002
7/17/2013,194.550003,430.310009,918.551603,35.740002,24.15,26.65,308.690002,51.790001
7/18/2013,197.990005,431.760002,910.681564,35.439999,23.24,26.18,304.109985,52.689999
7/19/2013,193.539993,424.949993,896.601557,31.4,23.040001,25.879999,305.230011,52.349998
7/22/2013,194.089996,426.309998,910.701536,32.009998,22.77,26.049999,303.480011,53
7/23/2013,194.979996,418.98999,903.801551,31.82,22.75,26.129999,301.059998,52.880001
7/24/2013,196.610001,440.510002,902.901521,31.959999,22.93,26.51,298.940002,52.189999
7/25/2013,197.220001,438.499996,887.701547,31.389999,23.059999,34.360001,303.399994,52.66
7/26/2013,197.350006,440.990013,885.351519,31.620001,23.26,34.009998,312.01001,52.209999
7/29/2013,196.210007,447.790009,882.271531,31.540001,23.24,35.43,306.100006,51.639999
7/30/2013,196.009995,453.320015,890.921523,31.85,23.379999,37.630001,302.410004,51.779999
7/31/2013,195.039993,452.529984,887.751538,31.84,23.34,36.799999,301.220001,52.139999
8/1/2013,195.809998,456.679985,904.221578,31.67,23.200001,37.490002,305.570007,52.860001
8/2/2013,195.160004,462.539986,906.571544,31.889999,23.219999,38.049999,304.209991,53
8/5/2013,195.5,469.449997,905.00153,31.700001,22.92,39.189999,300.98999,52.869999
8/6/2013,190.990005,465.250008,896.571537,31.58,22.799999,38.549999,300.75,51.48
8/7/2013,188.559998,464.979988,890.651532,32.060001,22.700001,38.869999,296.910004,51.5
8/8/2013,187.929993,461.010017,892.661544,32.889999,22.450001,38.540001,295.73999,51.779999
8/9/2013,187.820007,454.449974,890.4115,32.700001,22.51,38.5,297.26001,51.32
8/12/2013,189.089996,467.360016,885.511541,32.869999,22.639999,38.220001,296.690002,50.900002
8/13/2013,188.419998,489.569977,881.251485,32.23,22.52,37.02,293.970001,51.77
8/14/2013,187.529999,498.500008,869.811468,32.349998,22.57,36.650002,291.339996,51.59
8/15/2013,185.789993,497.909981,859.661487,31.790001,22.030001,36.560001,286.470001,50.860001
8/16/2013,185.339996,502.330002,856.911467,31.799999,21.91,37.080002,284.820007,50.349998
8/19/2013,184.229996,507.740005,865.651456,31.389999,22.280001,37.810001,285.570007,49.330002
8/20/2013,184.559998,501.07,865.421471,31.620001,22.52,38.41,287.089996,49.919998
8/21/2013,184.860001,502.360016,869.331464,31.610001,22.17,38.32,284.570007,49.16
8/22/2013,185.190002,502.959976,873.711475,32.389999,22.26,38.549999,289.730011,49.91
8/23/2013,185.419998,501.020012,870.211522,34.75,22.440001,40.549999,290.01001,49.830002
8/26/2013,184.740005,502.970016,866.391464,34.150002,22.27,41.34,286.209991,49.599998
8/27/2013,182.740005,488.589981,850.151471,33.259998,22.190001,39.639999,280.929993,48.240002
8/28/2013,182.160004,490.899994,848.551438,33.02,22.290001,40.549999,281.579987,48.310001
8/29/2013,182.639999,491.700012,855.431451,33.549999,22.059999,41.279999,283.980011,48.470001
8/30/2013,182.270004,487.220016,846.901475,33.400002,21.98,41.290001,280.980011,48.330002
9/3/2013,183.960007,488.579994,860.381462,31.879999,22.07,41.869999,288.799988,49.369999
9/4/2013,183.130005,498.690025,871.6315,31.200001,22.639999,41.779999,293.640015,49.599998
9/5/2013,184.149994,495.269974,879.561517,31.23,22.6,42.66,294.100006,49.860001
9/6/2013,183.029999,498.220001,879.581489,31.15,22.67,43.950001,295.859985,49.220001
9/9/2013,184.979996,506.169983,888.051548,31.66,22.91,44.040001,299.709991,50.09
9/10/2013,186.600006,494.639999,888.67154,32.389999,22.98,43.599998,300.359985,51.09
9/11/2013,190.699997,467.709984,896.191517,32.740002,22.809999,45.040001,299.640015,50.73
9/12/2013,190.729996,472.690018,893.061537,32.689999,22.629999,44.75,298.859985,50.259998
9/13/2013,192.169998,464.899986,889.071533,33.029999,23.440001,44.310001,297.920013,50.490002
9/16/2013,193.149994,450.119995,887.761524,32.799999,23.389999,42.509998,296.059998,51
9/17/2013,192.160004,455.320007,886.1115,32.93,23.74,45.07,304.170013,51.200001
9/18/2013,194.419998,464.680008,903.321548,33.32,23.9,45.23,312.029999,52.209999
9/19/2013,193.389999,472.299995,898.391569,33.639999,23.91,45.98,312.059998,51.950001
9/20/2013,190.020004,467.410004,903.111535,32.790001,23.77,47.490002,316.339996,51.209999
9/23/2013,190.990005,490.640015,886.501507,32.740002,23.620001,47.189999,311.48999,49.57
9/24/2013,189.970001,489.100006,886.841522,32.450001,23.700001,48.450001,314.130005,48.959999
9/25/2013,189.470001,481.530006,877.231523,32.509998,23.700001,49.459999,312.649994,49.259998
9/26/2013,190.220001,486.219994,878.171497,32.77,23.41,50.389999,318.119995,48.93
9/27/2013,186.919998,482.750008,876.391532,33.27,22.98,51.240002,316.01001,48.889999
9/30/2013,185.179993,476.749977,875.911528,33.279999,22.92,50.23,312.640015,48.509998
10/1/2013,186.380005,487.960007,887.001544,33.580002,22.83,50.419998,320.950012,48.599998
10/2/2013,184.960007,489.55999,887.991509,33.919998,22.889999,50.279999,320.51001,48.709999
10/3/2013,183.860001,483.409996,876.091522,33.860001,22.6,49.18,314.76001,48.400002
10/4/2013,184.100006,483.030014,872.351475,33.880001,22.809999,51.040001,319.040009,49.139999
10/7/2013,182.009995,487.750015,865.741514,33.299999,22.83,50.52,310.029999,48.18
10/8/2013,178.720001,480.93998,853.671458,33.009998,22.48,47.139999,303.230011,47.669998
10/9/2013,181.320007,486.589989,855.861463,33.07,22.59,46.77,298.230011,47.950001
10/10/2013,184.770004,489.639992,868.241516,33.759998,23.1,49.049999,305.170013,49.27
10/11/2013,186.160004,492.809998,871.991487,34.130001,23.26,49.110001,310.890015,49.220001
10/14/2013,186.970001,496.039978,876.111494,34.450001,23.450001,49.509998,310.700012,49.599998
10/15/2013,184.660004,498.679985,882.011527,34.490002,23.389999,49.5,306.399994,48.860001
10/16/2013,186.729996,501.110001,898.031521,34.639999,23.700001,51.139999,310.48999,50.84
10/17/2013,174.830002,504.499985,888.791495,34.919998,23.92,52.209999,310.769989,51.119999
10/18/2013,173.779999,508.889992,1011.411708,34.959999,23.879999,54.220001,328.929993,51.150002
10/21/2013,172.860001,521.360023,1003.301698,34.990002,24.139999,53.849998,326.440002,51.029999
10/22/2013,174.970001,519.870003,1007.001739,34.580002,24.07,52.68,332.540009,50.759998
10/23/2013,175.770004,524.959999,1031.411782,33.759998,23.74,51.900002,326.76001,50.189999
10/24/2013,177.800003,531.910011,1025.551754,33.720001,23.780001,52.450001,332.209991,50.150002
10/25/2013,176.850006,525.960022,1015.201747,35.73,24.24,51.950001,363.390015,50.060001
10/28/2013,177.350006,529.880005,1015.001719,35.57,24.360001,50.23,358.160004,50.150002
10/29/2013,182.119995,516.680023,1036.241716,35.52,24.52,49.400002,362.700012,50.220001
10/30/2013,180.149994,524.900024,1030.421755,35.540001,24.5,49.009998,361.079987,49.889999
10/31/2013,179.210007,522.699974,1030.581776,35.41,24.469999,50.209999,364.029999,48.779999
11/1/2013,179.229996,520.030006,1027.041757,35.529999,24.33,49.75,359,48.740002
11/4/2013,180.270004,526.75,1026.111769,35.939999,24.26,48.220001,358.73999,48.630001
11/5/2013,177.850006,525.449997,1021.521745,36.639999,24.030001,50.110001,358.890015,48.380001
11/6/2013,179.190002,520.920013,1022.751743,38.18,24.25,49.119999,356.179993,48.619999
11/7/2013,180,512.490021,1007.951699,37.5,24.059999,47.560001,343.559998,48.349998
11/8/2013,179.990005,520.560005,1016.031752,37.779999,24.09,47.529999,350.309998,49.939999
11/11/2013,182.880005,519.050011,1010.59175,37.59,24.17,46.200001,354.380005,50.169998
11/12/2013,183.070007,520.009979,1011.781743,37.360001,24.43,46.610001,349.529999,49.52
11/13/2013,183.550003,520.63002,1032.471772,38.16,24.6,48.709999,356.220001,49.990002
11/14/2013,182.210007,528.160019,1035.231717,38.02,24.389999,48.990002,367.399994,50.209999
11/15/2013,183.190002,524.990013,1033.561782,37.84,24.52,49.009998,369.170013,50.400002
11/18/2013,184.470001,518.629974,1031.551709,37.200001,24.6,45.830002,366.179993,50.790001
11/19/2013,185.25,519.549995,1025.201753,36.740002,24.700001,46.360001,364.940002,51.169998
11/20/2013,185.190002,514.999985,1022.311744,37.080002,24.559999,46.43,362.570007,50.77
11/21/2013,184.130005,521.139992,1034.071744,37.400002,25.23,46.700001,368.920013,51.73
11/22/2013,181.300003,519.799988,1031.891724,37.57,23.870001,46.23,372.309998,52.41
11/25/2013,178.940002,523.739998,1045.931848,37.639999,23.75,44.82,376.640015,53.290001
11/26/2013,177.309998,533.399979,1058.411823,37.349998,23.65,45.889999,381.369995,53.009998
11/27/2013,178.970001,545.959999,1063.111877,37.599998,23.9,46.490002,386.709991,53.049999
11/29/2013,179.679993,556.069977,1059.591768,38.130001,23.84,47.009998,393.619995,52.919998
12/2/2013,177.479996,551.230026,1054.481857,38.450001,23.700001,47.060001,392.299988,52.619999
12/3/2013,176.080002,566.319984,1053.261845,38.310001,23.549999,46.73,384.660004,52.130001
12/4/2013,175.740005,565.000008,1058.181837,38.939999,23.74,48.619999,385.959991,52.040001
12/5/2013,176.080002,567.899994,1057.341785,38,24.26,48.34,384.48999,51.060001
12/6/2013,177.669998,560.019974,1069.871873,38.360001,24.82,47.939999,386.950012,51.490002
12/9/2013,177.460007,566.43,1078.141905,38.709999,24.93,48.84,384.890015,52.110001
12/10/2013,177.119995,565.54998,1084.661869,38.110001,24.82,50.25,387.779999,51.740002
12/11/2013,175.199997,561.359978,1077.291806,37.610001,24.42,49.380001,382.190002,50.709999
12/12/2013,173.369995,560.539986,1069.961809,37.220001,24.469999,51.830002,381.25,50.91
12/13/2013,172.800003,554.429993,1060.791808,36.689999,24.290001,53.32,384.23999,50.970001
12/16/2013,177.850006,557.500023,1072.981881,36.889999,24.450001,53.810001,388.970001,50.900002
12/17/2013,175.759995,554.990005,1069.861826,36.52,24.66,54.860001,387.649994,50.689999
12/18/2013,178.699997,550.769989,1084.751805,36.580002,25.15,55.57,395.959991,51.959999
12/19/2013,180.220001,544.459991,1086.221897,36.25,25.139999,55.049999,395.190002,51.880001
12/20/2013,180.020004,549.019989,1100.621886,36.799999,25.059999,55.119999,402.200012,52.209999
12/23/2013,182.229996,570.090004,1115.101886,36.619999,25.32,57.77,402.920013,52.41
12/24/2013,183.220001,567.669975,1111.841904,37.080002,25.43,57.959999,399.200012,52.43
12/26/2013,185.350006,563.900009,1117.461899,37.439999,25.700001,57.73,404.390015,52.349998
12/27/2013,185.080002,560.089989,1118.401934,37.290001,25.6,55.439999,398.079987,52.259998
12/30/2013,186.410004,554.519981,1109.461919,37.290001,25.85,53.709999,393.369995,51.919998
12/31/2013,187.570007,561.019997,1120.711956,37.41,25.959999,54.650002,398.790009,52.110001
1/2/2014,185.529999,553.12999,1113.121955,37.16,25.790001,54.709999,397.970001,52.27
1/3/2014,186.639999,540.980019,1105.001897,36.91,25.780001,54.560001,396.440002,53.400002
1/6/2014,186,543.929993,1117.321972,36.130001,25.459999,57.200001,393.630005,53.810001
1/7/2014,189.710007,540.040024,1138.861917,36.41,25.59,57.919998,398.029999,54.18
1/8/2014,187.970001,543.460022,1141.231977,35.759998,25.43,58.23,401.920013,54.810001
1/9/2014,187.380005,536.519997,1130.241944,35.529999,25.309999,57.220001,401.01001,55.200001
1/10/2014,187.259995,532.939995,1130.181906,36.040001,25.530001,57.939999,397.660004,54.720001
1/13/2014,184.160004,535.730019,1122.981911,34.98,25.5,55.91,390.980011,53.720001
1/14/2014,185.919998,546.390022,1149.402027,35.779999,26.51,57.740002,397.540009,53.950001
1/15/2014,187.740005,557.359993,1148.622013,36.759998,26.67,57.599998,395.869995,54.990002
1/16/2014,188.759995,554.250015,1156.221939,36.889999,26.540001,57.189999,395.799988,52.599998
1/17/2014,190.089996,540.669998,1150.53198,36.380001,25.85,56.299999,399.609985,52.27
1/21/2014,188.429993,549.069977,1163.702033,36.169998,25.59,58.509998,407.049988,51.849998
1/22/2014,182.25,551.509979,1165.022028,35.93,25.309999,57.509998,404.540009,51.900002
1/23/2014,182.729996,556.179993,1160.102036,36.060001,25.129999,56.630001,399.869995,50.720001
1/24/2014,179.639999,546.070015,1123.831888,36.810001,24.809999,54.450001,387.600006,49.330002
1/27/2014,177.899994,550.500023,1101.23183,36.029999,24.719999,53.549999,386.279999,48.810001
1/28/2014,176.850006,506.499977,1123.01193,36.27,24.9,55.139999,394.429993,49.599998
1/29/2014,176.399994,500.749992,1106.921912,36.66,24.68,53.529999,384.200012,48.080002
1/30/2014,177.360001,499.779984,1135.391922,36.860001,24.74,61.080002,403.01001,48.299999
1/31/2014,176.679993,500.599976,1180.971997,37.84,24.540001,62.57,358.690002,47.43
2/3/2014,172.899994,501.529984,1133.431963,36.48,23.950001,61.48,346.149994,46.34
2/4/2014,172.839996,508.790016,1138.161914,36.349998,23.82,62.75,347.950012,46.779999
2/5/2014,174.240005,512.589996,1143.201984,35.82,23.52,62.189999,346.450012,47.060001
2/6/2014,174.669998,512.509995,1159.961986,36.18,23.99,62.16,354.589996,48.25
2/7/2014,177.25,519.679985,1177.441963,36.560001,24.209999,64.32,361.079987,49.34
2/10/2014,177.139999,528.989998,1172.93195,36.799999,24.290001,63.549999,360.869995,49.32
2/11/2014,179.699997,535.959984,1190.182065,37.169998,24.469999,64.849998,361.790009,49.66
2/12/2014,180.240005,535.919983,1186.691975,37.470001,24.549999,64.449997,349.25,49.959999
2/13/2014,181.839996,544.429977,1199.902094,37.610001,24.700001,67.330002,357.200012,49.860001
2/14/2014,183.690002,543.990021,1202.802088,37.619999,24.76,67.089996,357.350006,49.52
2/18/2014,183.190002,545.990013,1210.88208,37.419998,24.76,67.300003,353.649994,49.380001
2/19/2014,182.949997,537.370003,1202.342118,37.509998,24.5,68.059998,347.380005,48.189999
2/20/2014,184.259995,531.149994,1204.112036,37.75,24.74,69.629997,349.799988,48.130001
2/21/2014,182.789993,525.249992,1203.792115,37.98,24.42,68.589996,346.76001,48.259998
2/24/2014,183.449997,527.550018,1212.512071,37.689999,24.629999,70.779999,351.779999,48.98
2/25/2014,183.229996,522.060013,1220.002089,37.540001,24.620001,69.849998,358.320007,48.400002
2/26/2014,184.059998,517.349998,1220.172036,37.470001,24.799999,69.260002,359.799988,48.32
2/27/2014,185.270004,527.670021,1219.212151,37.860001,24.76,68.940002,360.130005,48.689999
2/28/2014,185.169998,526.239975,1215.652097,38.310001,24.76,68.459999,362.100006,48.630001
3/3/2014,184.259995,527.76001,1202.692058,37.779999,24.5,67.410004,359.779999,47.610001
3/4/2014,186.440002,531.239983,1214.912028,38.41,24.610001,68.800003,363.899994,48.830002
3/5/2014,187.139999,532.360008,1218.262068,38.110001,24.5,71.57,372.369995,49.419998
3/6/2014,187.639999,530.749985,1219.612082,38.150002,24.629999,70.839996,372.160004,49.709999
3/7/2014,187.679993,530.440018,1214.792073,37.900002,24.639999,69.800003,372.059998,49.619999
3/10/2014,186.389999,530.919975,1211.572035,37.82,24.84,72.029999,370.529999,49.57
3/11/2014,186.759995,536.089973,1199.99203,38.02,24.73,70.099998,368.820007,48.43
3/12/2014,186.220001,536.609985,1207.302054,38.27,24.76,70.879997,370.640015,47.98
3/13/2014,183.899994,530.650009,1189.062036,37.889999,24.57,68.830002,371.51001,47.330002
3/14/2014,182.210007,524.68998,1172.80207,37.700001,24.5,67.720001,373.73999,46.880001
3/17/2014,185.809998,526.740013,1192.102079,38.049999,24.700001,68.739998,375.040009,47.73
3/18/2014,186.809998,531.399986,1211.262039,39.549999,24.82,69.190002,378.769989,48.139999
3/19/2014,184.710007,531.26001,1199.252083,39.27,25.02,68.239998,373.230011,48.939999
3/20/2014,187.899994,528.700005,1197.161999,40.330002,25.43,66.970001,368.970001,50.220001
3/21/2014,186.669998,532.86998,1183.041986,40.16,25.17,67.239998,360.619995,50.080002
3/24/2014,188.25,539.190018,1157.931941,40.5,25.120001,64.099998,351.850006,50.049999
3/25/2014,195.039993,544.98999,1158.722002,40.34,25.459999,64.889999,354.709991,50.299999
3/26/2014,192.619995,539.779991,1131.971918,39.790001,25.379999,60.389999,343.410004,50.16
3/27/2014,189.830002,537.459991,558.462551,39.360001,25.309999,60.970001,338.470001,47.450001
3/28/2014,190.449997,536.859978,559.992565,40.299999,25.620001,60.009998,338.290009,47.25
3/31/2014,192.490005,536.739975,556.972503,40.990002,25.809999,60.240002,336.369995,47.599998
4/1/2014,194.5,541.649994,567.162558,41.419998,25.99,62.619999,342.98999,47.799999
4/2/2014,193.550003,542.549988,567.002574,41.349998,25.889999,62.720001,341.959991,48.240002
4/3/2014,192.690002,538.790009,569.742571,41.009998,26.41,59.490002,333.619995,47.68
4/4/2014,191.770004,531.820023,543.14246,39.869999,26.16,56.75,323,47.110001
4/7/2014,194.520004,523.469978,538.152456,39.799999,26.49,56.950001,317.76001,46.549999
4/8/2014,193.289993,523.440018,554.902495,39.82,26.91,58.189999,327.070007,46.599998
4/9/2014,196.639999,530.320015,564.142557,40.470001,26.98,62.41,331.809998,47.16
4/10/2014,195.679993,523.480019,540.952433,39.360001,26.43,59.16,317.109985,46.23
4/11/2014,195.190002,519.610023,530.602392,39.209999,26.18,58.529999,311.730011,45.68
4/14/2014,197.770004,521.679977,532.522392,39.18,26.559999,58.889999,315.910004,47.669998
4/15/2014,197.020004,517.959999,536.442444,39.75,26.77,59.09,316.079987,48.310001
4/16/2014,196.399994,519.01001,556.54249,40.400002,26.93,59.720001,323.679993,48.18
4/17/2014,190.009995,524.940025,536.1024,40.009998,27.040001,58.939999,324.910004,48.220001
4/21/2014,192.270004,531.170021,528.622414,39.939999,26.950001,61.240002,330.869995,47.84
4/22/2014,192.149994,531.70002,534.812425,39.990002,26.84,63.029999,329.320007,48.02
4/23/2014,191.729996,524.750008,526.942391,39.689999,26.75,61.360001,324.579987,48.400002
4/24/2014,190.220001,567.770004,525.162363,39.860001,26.75,60.869999,337.149994,48.330002
4/25/2014,189.630005,571.93998,516.182352,39.91,26.26,57.709999,303.829987,47.75
4/28/2014,193.139999,594.090019,517.152359,40.869999,26.33,56.139999,296.579987,47.299999
4/29/2014,195.110001,592.329979,527.70241,40.509998,26.48,58.150002,300.380005,48.16
4/30/2014,196.470001,590.089981,526.662388,40.400002,26.690001,59.779999,304.130005,47.91
5/1/2014,193.529999,591.480026,531.352435,40,26.450001,61.150002,307.890015,47.759998
5/2/2014,191.440002,592.580025,527.932411,39.689999,26.41,60.459999,308.01001,47.73
5/5/2014,191.259995,600.959976,527.812392,39.43,26.17,61.220001,310.049988,47.18
5/6/2014,190.029999,594.410027,515.14233,39.060001,26.200001,58.529999,297.380005,46.360001
5/7/2014,189.300003,592.329979,509.962321,39.419998,26.370001,57.389999,292.709991,46.700001
5/8/2014,188.910004,587.990013,511.002313,39.639999,26.34,56.759998,288.320007,47.139999
5/9/2014,190.080002,585.540024,518.732375,39.540001,26.299999,57.240002,292.23999,46.990002
5/12/2014,192.570007,592.830017,529.922427,39.970001,26.370001,59.830002,302.859985,47.27
5/13/2014,192.190002,593.760025,533.092437,40.419998,26.450001,59.830002,304.640015,47.419998
5/14/2014,188.720001,593.869987,526.652412,40.240002,26.33,59.23,297.619995,47.119999
5/15/2014,186.460007,588.819992,519.982324,39.599998,26.01,57.919998,295.190002,46.52
5/16/2014,187.059998,597.510017,520.632362,39.830002,25.82,58.02,297.700012,46.439999
5/19/2014,187,604.590019,528.862391,39.75,26.040001,59.209999,296.76001,46.77
5/20/2014,184.889999,604.710022,529.772418,39.68,26.040001,58.560001,301.190002,46.549999
5/21/2014,186.389999,606.310005,538.942465,40.349998,26.200001,60.490002,305.01001,46.849998
5/22/2014,185.679993,607.269974,545.062459,40.099998,26.15,60.52,304.910004,47.139999
5/23/2014,185.940002,614.129997,552.702492,40.119999,26.290001,61.349998,312.23999,47.290001
5/27/2014,184.779999,625.63002,565.952575,40.189999,26.709999,63.48,310.820007,47.57
5/28/2014,183.080002,624.01001,561.682564,40.009998,26.879999,63.509998,310.160004,47.32
5/29/2014,183.759995,635.37999,560.082534,40.34,26.959999,63.830002,313.779999,47.279999
5/30/2014,184.360001,633.000015,559.892559,40.939999,27.32,63.299999,312.549988,47.57
6/2/2014,185.690002,628.650009,553.932488,40.790001,27.26,63.080002,308.839996,47.759998
6/3/2014,184.369995,637.539986,544.94244,40.290001,27.66,62.869999,307.190002,48.189999
6/4/2014,184.509995,644.819992,544.662436,40.32,27.6,63.34,306.779999,47.880001
6/5/2014,185.979996,647.349983,553.902499,41.209999,27.66,63.189999,323.570007,48.630001
6/6/2014,186.369995,645.570023,556.332503,41.48,28.17,62.5,329.670013,48.93
6/9/2014,186.220001,93.699997,562.122552,41.27,27.91,62.880001,327.5,49.580002
6/10/2014,184.289993,94.25,560.552511,41.110001,28.24,65.769997,332.410004,49.330002
6/11/2014,182.25,93.860001,558.842499,40.860001,27.93,65.779999,335.200012,48.810001
6/12/2014,181.220001,92.290001,551.352476,40.580002,27.959999,64.290001,325.910004,48.27
6/13/2014,182.559998,91.279999,551.762475,41.23,29.870001,64.5,326.269989,47.59
6/16/2014,182.350006,92.199997,544.282488,41.5,30.01,64.190002,327.619995,47.639999
6/17/2014,182.259995,92.080002,543.012465,41.68,29.950001,64.400002,325.619995,47.790001
6/18/2014,183.600006,92.18,553.372481,41.650002,29.93,65.599998,334.380005,47.93
6/19/2014,182.820007,91.860001,554.902495,41.509998,30.09,64.339996,327,47.560001
6/20/2014,181.550003,90.910004,556.362492,41.68,30.200001,64.5,324.200012,47.34
6/23/2014,182.139999,90.830002,564.952579,41.990002,30.23,65.370003,327.23999,48.060001
6/24/2014,180.880005,90.279999,564.622572,41.75,30.5,65.720001,324.160004,47.810001
6/25/2014,180.720001,90.360001,578.652627,42.029999,30.879999,67.440002,327.440002,47.82
6/26/2014,180.369995,90.900002,576.002598,41.720001,30.780001,67.129997,325.690002,47.23
6/27/2014,181.710007,91.980003,577.242632,42.25,30.93,67.599998,324.570007,47.139999
6/30/2014,181.270004,92.93,575.282606,41.700001,30.9,67.290001,324.779999,47.099998
7/1/2014,186.350006,93.519997,582.672624,41.869999,30.98,68.059998,332.390015,47.459999
7/2/2014,188.389999,93.480003,582.33766,41.900002,30.98,66.449997,332.850006,48.009998
7/3/2014,188.529999,94.029999,584.732656,41.799999,31.139999,66.290001,337.48999,48.240002
7/7/2014,188.039993,95.970001,582.252649,41.990002,31.030001,65.290001,333.549988,47.98
7/8/2014,187.220001,95.349998,571.092587,41.779999,30.790001,62.759998,323.809998,47.419998
7/9/2014,188.419998,95.389999,576.08259,41.669998,30.889999,64.970001,329.970001,47.380001
7/10/2014,187.699997,95.040001,571.102563,41.689999,31.26,64.870003,327.920013,46.900002
7/11/2014,188,95.220001,579.182645,42.09,31.25,66.339996,346.200012,47
7/14/2014,189.860001,96.449997,584.872627,42.139999,31.49,67.900002,355.320007,48.419998
7/15/2014,188.490005,95.32,584.782659,42.450001,31.709999,67.169998,354.440002,49.290001
7/16/2014,192.360001,94.779999,582.662648,44.080002,34.650002,67.660004,355.899994,49.82
7/17/2014,192.490005,93.089996,573.732579,44.529999,33.700001,66.410004,352.450012,49.18
7/18/2014,192.5,94.43,595.082696,44.689999,33.700001,68.419998,358.660004,49.560001
7/21/2014,190.850006,93.940002,589.472645,44.84,34.060001,69.400002,359.76001,49.349998
7/22/2014,194.089996,94.720001,594.742713,44.830002,34.790001,69.269997,360.839996,49.599998
7/23/2014,193.630005,97.190002,595.982686,44.869999,34.5,71.290001,358.140015,50.18
7/24/2014,195.240005,97.029999,593.352671,44.400002,34.25,74.980003,358.609985,50.09
7/25/2014,194.399994,97.669998,589.022681,44.5,34.25,75.190002,324.01001,50.029999
7/28/2014,195.779999,99.019997,590.602697,43.970001,34.23,74.919998,320.410004,49.700001
7/29/2014,194.570007,98.379997,585.612633,43.889999,34.189999,73.709999,320,49.419998
7/30/2014,194,98.150002,587.42265,43.580002,34.349998,74.68,322.51001,50
7/31/2014,191.669998,95.599998,571.602592,43.16,33.889999,72.650002,312.98999,48.91
8/1/2014,189.149994,96.129997,566.072533,42.860001,33.740002,72.360001,307.059998,48.099998
8/4/2014,189.639999,95.589996,573.152619,43.369999,34.049999,73.510002,313.649994,48.34
8/5/2014,187.100006,95.120003,565.072537,43.080002,32.82,72.690002,312.320007,47.889999
8/6/2014,185.970001,94.959999,566.376589,42.740002,32.849998,72.470001,313.890015,48.139999
8/7/2014,184.300003,94.480003,563.362525,43.23,32.68,73.169998,311.450012,48.060001
8/8/2014,186.630005,94.739998,568.772565,43.200001,32.599998,73.059998,316.799988,48.450001
8/11/2014,187.470001,95.989998,567.882551,43.200001,33.02,73.440002,318.329987,48.389999
8/12/2014,187.339996,95.970001,562.732562,43.52,33.130001,72.830002,319.320007,48.439999
8/13/2014,187.949997,97.239998,574.782577,44.080002,34.099998,73.769997,326.279999,48.75
8/14/2014,187.880005,97.5,574.652582,44.27,33.939999,74.300003,333.209991,49.130001
8/15/2014,187.380005,97.980003,573.482626,44.790001,34.169998,73.629997,333.630005,48.720001
8/18/2014,189.360001,99.160004,582.162619,45.110001,34.41,74.589996,334.529999,49.509998
8/19/2014,190.070007,100.529999,586.862643,45.330002,34.34,75.290001,335.130005,49.700001
8/20/2014,190.100006,100.57,584.492618,44.950001,34.5,74.809998,335.779999,49.799999
8/21/2014,191.229996,100.580002,583.372664,45.220001,35.150002,74.57,332.910004,51.07
8/22/2014,190.410004,101.32,582.562642,45.150002,34.939999,74.57,331.589996,50.93
8/25/2014,191.160004,101.540001,580.202654,45.169998,34.810001,75.019997,334.019989,51.630001
8/26/2014,192.990005,100.889999,577.862619,45.009998,34.799999,75.959999,341.829987,52.130001
8/27/2014,192.25,102.129997,571.002557,44.869999,34.790001,74.629997,343.179993,51.860001
8/28/2014,192,102.25,569.202577,44.880001,34.650002,73.860001,340.019989,51.389999
8/29/2014,192.300003,102.5,571.602592,45.43,34.919998,74.82,339.040009,51.650002
9/2/2014,191.559998,103.300003,577.332601,45.09,34.57,76.68,342.380005,51.959999
9/3/2014,191.949997,98.940002,577.942611,44.959999,34.57,75.830002,339,52.23
9/4/2014,190.679993,98.120003,581.982621,45.259998,34.91,75.949997,345.950012,52.470001
9/5/2014,191.199997,98.970001,586.082672,45.91,35,77.260002,346.380005,52.299999
9/8/2014,190.139999,98.360001,589.722659,46.470001,35.330002,77.889999,342.339996,52.049999
9/9/2014,189.990005,97.989998,581.012615,46.759998,34.91,76.669998,329.75,51.259998
9/10/2014,191.539993,101,583.102636,46.84,35.02,77.43,331.329987,51.830002
9/11/2014,191.720001,101.43,581.352659,47,35.02,77.919998,330.519989,52.23
9/12/2014,191.279999,101.660004,575.622589,46.700001,34.619999,77.480003,331.190002,52.380001
9/15/2014,191.809998,101.629997,573.102616,46.240002,34.540001,74.580002,323.890015,52.310001
9/16/2014,192.960007,100.860001,579.95264,46.759998,34.93,76.080002,327.76001,52.360001
9/17/2014,192.800003,101.580002,584.772622,46.52,34.98,76.43,324,52.389999
9/18/2014,193.75,101.790001,589.272695,46.68,35.169998,77,325,53.66
9/19/2014,194,100.959999,596.082692,47.52,34.82,77.910004,331.320007,53.48
9/22/2014,193.110001,101.059998,587.372648,47.060001,34.709999,76.800003,324.5,53.040001
9/23/2014,191.619995,102.639999,581.132634,46.560001,34.419998,78.290001,323.630005,52.84
9/24/2014,192.309998,101.75,587.992634,47.080002,34.75,78.540001,328.209991,53.259998
9/25/2014,189.009995,97.870003,575.062581,46.040001,34.139999,77.220001,321.929993,51.959999
9/26/2014,190.059998,100.75,577.1026,46.41,34.259998,78.790001,323.209991,52.490002
9/29/2014,189.639999,100.110001,576.362594,46.439999,34.900002,79,321.820007,52.049999
9/30/2014,189.830002,100.75,577.36259,46.360001,34.82,79.040001,322.440002,51.82
10/1/2014,187.169998,99.18,568.272597,45.900002,33.990002,76.550003,317.459991,51.099998
10/2/2014,186.910004,99.900002,570.082554,45.759998,33.52,77.080002,318.410004,51.25
10/3/2014,188.669998,99.620003,575.282606,46.09,34.029999,77.440002,322.73999,52.32
10/6/2014,189.039993,99.620003,577.352614,46.09,34.110001,77.559998,322.200012,52.279999
10/7/2014,185.710007,98.75,563.742534,45.529999,33.470001,76.290001,316.980011,51.27
10/8/2014,189.360001,100.800003,572.502582,46.779999,34.27,77.519997,322.700012,52.540001
10/9/2014,186.419998,101.019997,560.882518,45.849998,33.619999,75.910004,315.369995,51.139999
10/10/2014,185.929993,100.730003,544.492476,44.029999,31.91,72.910004,311.390015,50.110001
10/13/2014,183.520004,99.809998,533.212394,43.650002,31.469999,72.989998,306.450012,49.900002
10/14/2014,183.800003,98.75,537.942408,43.73,32.139999,73.589996,308.309998,51.470001
10/15/2014,181.75,97.540001,530.032409,43.220001,31.280001,73.209999,305.970001,49.68
10/16/2014,179.839996,96.260002,524.512387,42.740002,30.85,72.629997,302.859985,49.75
10/17/2014,182.050003,97.669998,511.172305,43.630001,31.379999,75.949997,303.640015,50.07
10/20/2014,169.100006,99.760002,520.842349,44.080002,31.58,76.949997,306.209991,50.529999
10/21/2014,163.229996,102.470001,526.542369,44.880001,32.610001,78.690002,315.329987,51.27
10/22/2014,161.789993,102.989998,532.712427,44.380001,32.27,78.370003,312.970001,50.700001
10/23/2014,162.179993,104.830002,543.982471,45.02,32.689999,80.040001,313.179993,51.41
10/24/2014,162.080002,105.220001,539.782415,46.130001,33.18,80.669998,287.059998,51.799999
10/27/2014,161.869995,105.110001,540.772435,45.91,33.200001,80.279999,289.970001,51.59
10/28/2014,163.600006,106.739998,548.902458,46.490002,33.740002,80.769997,295.589996,52.439999
10/29/2014,163.460007,107.339996,549.33247,46.619999,33.919998,75.860001,294.119995,52.650002
10/30/2014,164.350006,106.980003,550.312514,46.049999,32.580002,74.110001,299.070007,53.150002
10/31/2014,164.399994,108,559.082538,46.950001,34.009998,74.989998,305.459991,53.529999
11/3/2014,164.360001,109.400002,555.222525,47.439999,34.310001,73.879997,305.720001,53.470001
11/4/2014,162.649994,108.599998,554.112486,47.57,34.540001,75.760002,302.809998,53.189999
11/5/2014,161.820007,108.860001,545.922484,47.860001,33.759998,74.830002,296.519989,54.02
11/6/2014,161.460007,108.699997,542.042458,48.700001,33.82,75.260002,296.640015,53.990002
11/7/2014,162.070007,109.010002,541.012473,48.68,33.580002,75.599998,299.859985,53.75
11/10/2014,163.490005,108.830002,547.492463,48.889999,33.259998,75,305.109985,53.889999
11/11/2014,163.300003,109.699997,550.292501,48.869999,33.310001,74.610001,312.01001,53.810001
11/12/2014,161.919998,111.25,547.312465,48.779999,33.380001,74.720001,311.51001,53.419998
11/13/2014,162.789993,112.82,545.38249,49.610001,33.68,74.25,316.480011,53.439999
11/14/2014,164.160004,114.18,544.402446,49.580002,33.950001,74.879997,327.820007,53.380001
11/17/2014,164.160004,113.989998,536.512399,49.459999,34.240002,74.239998,323.049988,53.57
11/18/2014,161.889999,115.470001,535.032449,48.740002,34.709999,74.339996,324.929993,53.810001
11/19/2014,161.429993,114.669998,536.992415,48.220001,34.349998,73.330002,326.540009,53.66
11/20/2014,160.639999,116.309998,534.832438,48.700001,35.950001,73.599998,330.540009,53.52
11/21/2014,160.919998,116.470001,537.502419,47.98,35.59,73.75,332.630005,53.66
11/24/2014,162.149994,118.629997,539.272471,47.59,36.25,74.010002,335.640015,54.400002
11/25/2014,161.759995,117.599998,541.082428,47.470001,36.32,75.629997,335.040009,54.330002
11/26/2014,161.949997,119,540.372473,47.75,36.900002,77.620003,333.570007,54.130001
11/28/2014,162.169998,118.93,541.832471,47.810001,37.25,77.699997,338.640015,53.970001
12/1/2014,161.539993,115.07,533.802391,48.619999,37.169998,75.099998,326,53.349998
12/2/2014,162.669998,114.629997,533.752389,48.459999,37.599998,75.459999,326.309998,54.360001
12/3/2014,164.520004,115.93,531.322384,48.080002,37.43,74.879997,316.5,55.209999
12/4/2014,164.050003,115.489998,537.312445,48.84,37.459999,75.239998,316.929993,55.18
12/5/2014,163.270004,115,525.262369,48.419998,37.669998,76.360001,312.630005,56.080002
12/8/2014,161.860001,112.400002,526.982357,47.700001,37.200001,76.519997,306.640015,56.369999
12/9/2014,162.990005,114.120003,533.37244,47.59,36.889999,76.839996,312.5,55.849998
12/10/2014,160.509995,111.949997,526.062353,46.900002,36.419998,76.18,305.839996,54.470001
12/11/2014,161.070007,111.620003,528.34241,47.169998,36.700001,77.730003,307.359985,54.509998
12/12/2014,155.380005,109.730003,518.662359,46.950001,36.23,77.830002,307.320007,53.400002
12/15/2014,153.059998,108.230003,513.802351,46.669998,35.919998,76.989998,306.070007,52.790001
12/16/2014,151.410004,106.75,495.392242,45.16,35.560001,74.690002,295.059998,51.169998
12/17/2014,151.929993,109.410004,504.892295,45.740002,36.240002,76.110001,298.880005,52.450001
12/18/2014,157.679993,112.650002,511.102319,47.52,37.02,78.400002,297.730011,54.099998
12/19/2014,158.509995,111.779999,516.352313,47.66,36.369999,79.879997,299.899994,54.009998
12/22/2014,161.440002,112.940002,524.872383,47.98,37.209999,81.449997,306.540009,53.959999
12/23/2014,162.240005,112.540001,530.592416,48.450001,37.43,80.610001,306.290009,54.419998
12/24/2014,161.820007,112.010002,528.772422,48.139999,37.439999,80.769997,303.029999,54.540001
12/26/2014,162.339996,113.989998,534.032392,47.880001,37.549999,80.779999,309.089996,54.43
12/29/2014,160.509995,113.910004,530.332426,47.450001,37.18,80.019997,312.040009,54.73
12/30/2014,160.050003,112.519997,530.422394,47.02,36.759998,79.220001,310.299988,54.84
12/31/2014,160.440002,110.379997,526.402397,46.450001,36.290001,78.019997,310.350006,54.110001
1/2/2015,162.059998,109.330002,524.812404,46.759998,36.360001,78.449997,308.519989,54.259998
1/5/2015,159.509995,106.25,513.872306,46.330002,35.950001,77.190002,302.190002,52.549999
1/6/2015,156.070007,106.260002,501.962262,45.650002,35.279999,76.150002,295.290009,50.700001
1/7/2015,155.050003,107.75,501.102268,46.23,36.02,76.150002,298.420013,51.169998
1/8/2015,158.419998,111.889999,502.682285,47.59,36.689999,78.18,300.459991,51.939999
1/9/2015,159.110001,112.010002,496.172244,47.189999,36.759998,77.739998,296.929993,50.779999
1/12/2015,156.440002,109.25,492.552239,46.599998,36.599998,76.720001,291.410004,50.380001
1/13/2015,156.809998,110.220001,496.182251,46.360001,36.5,76.449997,294.73999,50.02
1/14/2015,155.800003,109.800003,500.872267,45.959999,36.349998,76.279999,293.269989,49.049999
1/15/2015,154.570007,106.82,501.792271,45.48,36.189999,74.050003,286.950012,47.23
1/16/2015,157.139999,105.989998,508.082288,46.240002,36.450001,75.18,290.73999,47.610001
1/20/2015,156.949997,108.720001,506.902294,46.389999,36.09,76.239998,289.440002,47.259998
1/21/2015,152.089996,109.550003,518.042373,45.919998,36.48,76.739998,297.25,47.740002
1/22/2015,155.389999,112.400002,534.392388,47.130001,36.91,77.650002,310.320007,49.57
1/23/2015,155.869995,112.980003,539.952437,47.18,36.450001,77.830002,312.390015,48.619999
1/26/2015,156.360001,113.099998,535.212448,47.009998,35.810001,77.5,309.660004,48.889999
1/27/2015,153.669998,109.139999,518.63237,42.66,34.189999,75.779999,306.75,48.310001
1/28/2015,151.550003,115.309998,510.002318,41.189999,33.779999,76.239998,303.910004,47.110001
1/29/2015,155.479996,118.900002,510.6623,42.009998,34.209999,78,311.779999,47.619999
1/30/2015,153.309998,117.160004,534.522445,40.400002,33.040001,75.910004,354.529999,46.950001
2/2/2015,154.660004,118.629997,528.482381,41.279999,33.650002,74.989998,364.470001,47.720001
2/3/2015,158.470001,118.650002,529.2424,41.599998,33.700001,75.400002,363.549988,48.880001
2/4/2015,156.960007,119.559998,522.762349,41.84,33.599998,75.629997,364.75,48.400002
2/5/2015,157.910004,119.940002,527.582391,42.450001,33.939999,75.610001,373.890015,48.540001
2/6/2015,156.720001,118.93,531.002415,42.41,33.299999,74.470001,374.279999,49.139999
2/9/2015,155.75,119.720001,527.832406,42.360001,32.93,74.440002,370.559998,49.209999
2/10/2015,158.559998,122.019997,536.942412,42.599998,33.700001,75.190002,373,49.389999
2/11/2015,158.199997,124.879997,535.972405,42.380001,33.549999,76.510002,375.140015,49.68
2/12/2015,158.520004,126.459999,542.932472,43.09,34.130001,76.230003,377.170013,50.889999
2/13/2015,160.399994,127.080002,549.012501,43.869999,34.360001,75.739998,381.829987,51.200001
2/17/2015,160.960007,127.830002,542.842443,43.580002,34.740002,75.599998,375.429993,51.689999
2/18/2015,162.190002,128.720001,539.702422,43.529999,34.27,76.709999,373.369995,51.419998
2/19/2015,163.889999,128.449997,542.872432,43.5,34.209999,79.419998,379,51.119999
2/20/2015,163.649994,129.5,538.952441,43.860001,34.41,79.900002,383.660004,51.779999
2/23/2015,162.910004,133,531.912381,44.150002,33.759998,78.839996,380.140015,51.32
2/24/2015,164.830002,132.169998,536.092424,44.09,34.41,78.449997,378.589996,51.900002
2/25/2015,162.809998,128.789993,543.872489,43.990002,33.950001,79.559998,385.369995,52.09
2/26/2015,160.869995,130.419998,555.482516,44.060001,33.650002,80.410004,384.799988,52.41
2/27/2015,161.940002,128.460007,558.402511,43.849998,33.25,78.970001,380.160004,52.419998
3/2/2015,160.479996,129.089996,571.342601,43.880001,34.060001,79.75,385.660004,53.490002
3/3/2015,161.029999,129.360001,573.64261,43.279999,34.099998,79.599998,384.609985,53.73
3/4/2015,159.419998,128.539993,573.372583,43.060001,34.119999,80.900002,382.720001,53.669998
3/5/2015,161.179993,126.410004,575.332609,43.110001,33.73,81.209999,387.829987,53.560001
3/6/2015,158.5,126.599998,567.687558,42.360001,33.189999,80.010002,380.089996,53.060001
3/9/2015,160.770004,127.139999,568.852557,42.849998,32.720001,79.440002,378.559998,52.950001
3/10/2015,157.809998,124.510002,555.012538,42.029999,31.700001,77.550003,369.51001,51.23
3/11/2015,156.800003,122.239998,551.182515,41.98,32.330002,77.57,366.369995,52.330002
3/12/2015,157.979996,124.449997,555.512505,41.02,30.799999,78.93,374.23999,54.080002
3/13/2015,154.279999,123.589996,547.322503,41.380001,30.93,78.050003,370.579987,53.540001
3/16/2015,157.080002,124.949997,554.512509,41.560001,30.83,78.07,373.350006,53.689999
3/17/2015,156.960007,127.040001,550.842471,41.700001,30.59,79.360001,371.920013,53.84
3/18/2015,159.809998,128.470001,559.502513,42.5,30.889999,80.910004,375.140015,53.720001
3/19/2015,159.809998,127.5,557.992512,42.290001,30.74,82.75,373.23999,52.380001
3/20/2015,162.880005,125.900002,560.362537,42.880001,31.309999,83.800003,378.48999,52.98
3/23/2015,164.630005,127.209999,558.81251,42.860001,31.200001,84.43,375.109985,52.48
3/24/2015,163,126.690002,570.192597,42.900002,30.790001,85.309998,374.089996,51.939999
3/25/2015,159.199997,123.379997,558.787539,41.459999,29.889999,82.919998,370.959991,51.380001
3/26/2015,160.589996,124.239998,555.172522,41.209999,30.08,83.010002,367.350006,51.189999
3/27/2015,160.399994,123.25,548.342512,40.970001,32,83.300003,370.559998,51
3/30/2015,162.669998,126.370003,552.032502,40.959999,31.459999,83.199997,374.589996,51.639999
3/31/2015,160.5,124.43,548.002468,40.66,31.27,82.220001,372.100006,51.52
4/1/2015,159.179993,124.25,542.562439,40.720001,30.809999,81.669998,370.26001,51.619999
4/2/2015,160.449997,125.32,535.532417,40.290001,30.809999,81.559998,372.25,51.860001
4/6/2015,162.039993,127.349998,536.767432,41.549999,31.040001,82.440002,377.040009,51.619999
4/7/2015,162.070007,126.010002,537.022404,41.529999,31.26,82.32,374.410004,51.52
4/8/2015,161.850006,125.599998,541.612446,41.419998,31.309999,82.279999,381.200012,51.889999
4/9/2015,162.339996,126.559998,540.782472,41.48,31.24,82.169998,383.540009,52.130001
4/10/2015,162.860001,127.099998,540.012416,41.720001,31.93,82.040001,382.649994,52.43
4/13/2015,162.380005,126.849998,539.172466,41.759998,31.73,83.010002,382.359985,52.66
4/14/2015,162.300003,126.300003,530.392405,41.650002,31.49,83.519997,385.109985,52.73
4/15/2015,164.130005,126.779999,532.532429,42.259998,32.830002,82.709999,383.450012,53.209999
4/16/2015,163.130005,126.169998,533.802391,42.16,32.869999,82.309998,386.040009,54.02
4/17/2015,160.669998,124.75,524.052386,41.619999,32.470001,80.779999,375.559998,53.07
4/20/2015,166.160004,127.599998,535.382408,42.91,32.73,83.089996,389.51001,53.200001
4/21/2015,164.259995,126.910004,533.972413,42.639999,32.43,83.620003,391.179993,52.48
4/22/2015,165.360001,128.619995,539.367458,42.990002,32.700001,84.629997,389.799988,53.099998
4/23/2015,170.240005,129.669998,547.002472,43.34,32.349998,82.410004,389.98999,53.220001
4/24/2015,169.779999,130.279999,565.062561,47.869999,32.080002,81.529999,445.100006,52.900002
4/27/2015,170.729996,132.649994,555.369995,48.029999,32.5,81.910004,438.559998,52.799999
4/28/2015,173.919998,130.559998,553.679993,49.16,33.02,80.68,429.309998,53.02
4/29/2015,174.399994,128.639999,549.080017,49.060001,32.889999,80.470001,429.369995,53.759998
4/30/2015,171.289993,125.150002,537.340027,48.639999,32.549999,78.769997,421.779999,53.32
5/1/2015,173.669998,128.949997,537.900024,48.66,33.419998,78.989998,422.869995,53.759998
5/4/2015,173.970001,128.699997,540.780029,48.240002,33.43,78.809998,423.040009,54.169998
5/5/2015,173.080002,125.800003,530.799988,47.599998,32.639999,77.559998,421.190002,53.349998
5/6/2015,170.050003,125.010002,524.219971,46.279999,32.220001,78.099998,419.100006,52.82
5/7/2015,170.990005,125.260002,530.700012,46.700001,32.240002,78.43,426.880005,53.310001
5/8/2015,172.679993,127.620003,538.219971,47.75,32.799999,78.510002,433.690002,54.02
5/11/2015,171.119995,126.32,535.700012,47.369999,32.689999,78.010002,432.850006,53.970001
5/12/2015,170.550003,125.870003,529.039978,47.349998,32.25,77.459999,431.019989,53.740002
5/13/2015,172.279999,126.010002,529.619995,47.630001,32.639999,78.440002,426.869995,54.200001
5/14/2015,174.050003,128.949997,538.400024,48.720001,32.970001,81.370003,432.279999,54.599998
5/15/2015,173.259995,128.770004,533.849976,48.299999,32.990002,80.419998,426,54.240002
5/18/2015,173.059998,130.190002,532.299988,48.009998,33.41,80.879997,425.23999,54.669998
5/19/2015,173.479996,130.070007,537.359985,47.580002,33.150002,80.629997,421.709991,55.330002
5/20/2015,173.759995,130.059998,539.27002,47.580002,33.369999,80.550003,423.859985,54.889999
5/21/2015,173.339996,131.389999,542.51001,47.419998,33.549999,80.480003,431.630005,54.84
5/22/2015,172.220001,132.539993,540.109985,46.900002,33.450001,80.540001,427.630005,54.970001
5/26/2015,170.130005,129.619995,532.320007,46.59,33.099998,79.330002,425.470001,54.240002
5/27/2015,172,132.039993,539.789978,47.610001,33.709999,80.550003,431.420013,54.869999
5/28/2015,171.710007,131.779999,539.780029,47.450001,34.009998,80.150002,426.570007,54.549999
5/29/2015,169.649994,130.279999,532.109985,46.860001,34.459999,79.190002,429.230011,54.080002
6/1/2015,170.179993,130.539993,533.98999,47.23,33.91,80.290001,430.920013,54.450001
6/2/2015,169.649994,129.960007,539.179993,46.919998,33.27,80.440002,430.98999,54.720001
6/3/2015,169.919998,130.119995,540.309998,46.849998,32.73,82.440002,436.589996,55.630001
6/4/2015,168.380005,129.360001,536.700012,46.360001,32.310001,82.050003,430.779999,55.330002
6/5/2015,167.399994,128.649994,533.330017,46.139999,31.84,82.139999,426.950012,56.240002
6/8/2015,165.339996,127.800003,526.830017,45.73,31.299999,80.669998,423.5,55.650002
6/9/2015,165.679993,127.419998,526.690002,45.650002,31.25,80.669998,425.480011,56
6/10/2015,168.919998,128.880005,536.690002,46.610001,31.82,82.160004,430.769989,57.02
6/11/2015,168.779999,128.589996,534.609985,46.439999,31.85,81.830002,432.970001,57.209999
6/12/2015,166.990005,127.169998,532.330017,45.970001,31.32,81.529999,429.920013,57.110001
6/15/2015,166.259995,126.919998,527.200012,45.48,31.389999,80.709999,423.670013,56.650002
6/16/2015,166.839996,127.599998,528.150024,45.830002,31.639999,81.059998,427.26001,57.07
6/17/2015,167.169998,127.300003,529.26001,45.970001,31.950001,81.790001,427.809998,56.540001
6/18/2015,168.25,127.879997,536.72998,46.720001,32.380001,82.910004,439.390015,56.759998
6/19/2015,166.990005,126.599998,536.690002,46.099998,32.07,82.510002,434.920013,56.23
6/22/2015,167.729996,127.610001,538.190002,46.23,32.259998,84.739998,436.290009,56.950001
6/23/2015,168.619995,127.029999,540.47998,45.91,32.09,87.879997,445.98999,57.389999
6/24/2015,166.970001,128.110001,537.840027,45.639999,31.91,88.860001,440.839996,56.66
6/25/2015,166.080002,127.5,535.22998,45.650002,31.99,87.980003,440.100006,56.189999
6/26/2015,165.460007,126.75,531.690002,45.259998,31.02,88.010002,438.100006,56.34
6/29/2015,162.970001,124.529999,521.52002,44.369999,30.389999,85.800003,429.859985,54.880001
6/30/2015,162.660004,125.43,520.51001,44.150002,30.42,85.769997,434.089996,55.240002
7/1/2015,164.490005,126.599998,521.840027,44.450001,30.18,86.910004,437.390015,55.68
7/2/2015,165.089996,126.440002,523.400024,44.400002,30.559999,87.290001,437.709991,55.369999
7/6/2015,164.729996,126,522.859985,44.389999,30.040001,87.550003,436.040009,55.080002
7/7/2015,165,125.690002,525.02002,44.299999,29.9,87.220001,436.720001,54.5
7/8/2015,163.160004,122.57,516.830017,44.240002,29.5,85.650002,429.700012,52.799999
7/9/2015,163.850006,120.07,520.679993,44.52,28.93,85.879997,434.390015,53.709999
7/10/2015,166.949997,123.279999,530.130005,44.610001,29.17,87.949997,443.51001,54.560001
7/13/2015,169.380005,125.660004,546.549988,45.540001,29.73,90.099998,455.570007,55.540001
7/14/2015,168.610001,125.610001,561.099976,45.619999,29.65,89.68,465.570007,55.91
7/15/2015,168.529999,126.82,560.219971,45.759998,29.690001,89.760002,461.190002,56.459999
7/16/2015,171,128.509995,579.849976,46.66,29.9,90.849998,475.480011,58.59
7/17/2015,172.509995,129.619995,672.929993,46.619999,29.469999,94.970001,483.01001,58.75
7/20/2015,173.220001,132.070007,663.02002,46.919998,29.1,97.910004,488.100006,58.849998
7/21/2015,163.070007,130.75,662.299988,47.279999,28.719999,98.389999,488,59.099998
7/22/2015,160.350006,125.220001,662.099976,45.540001,28.610001,97.040001,488.269989,60.34
7/23/2015,161.729996,125.160004,644.280029,46.110001,28.6,95.440002,482.179993,59.869999
7/24/2015,159.75,124.5,623.559998,45.939999,28.059999,96.949997,529.419983,58.700001
7/27/2015,159.070007,122.769997,627.26001,45.349998,28.35,94.169998,531.409973,57.959999
7/28/2015,160.050003,123.379997,628,45.34,28.959999,95.290001,526.030029,58.369999
7/29/2015,161.089996,122.989998,631.929993,46.290001,29.01,96.989998,529,58.919998
7/30/2015,160.960007,122.370003,632.590027,46.880001,28.91,95.209999,536.76001,58.880001
7/31/2015,161.990005,121.300003,625.609985,46.700001,28.950001,94.010002,536.150024,58.459999
8/3/2015,158.710007,118.440002,631.210022,46.810001,29.049999,94.139999,535.030029,58.439999
8/4/2015,157.600006,114.639999,629.25,47.540001,29.129999,94.059998,531.900024,58.470001
8/5/2015,157.899994,115.400002,643.780029,47.580002,29.120001,96.440002,537.01001,58.740002
8/6/2015,156.320007,115.129997,642.679993,46.619999,29.01,95.120003,529.460022,58.099998
8/7/2015,155.119995,115.519997,635.299988,46.740002,28.879999,94.300003,522.619995,57.91
8/10/2015,156.75,119.720001,633.72998,47.330002,29.639999,94.150002,524,58.740002
8/11/2015,155.509995,113.489998,660.780029,46.41,28.969999,93.620003,527.460022,57.639999
8/12/2015,156.160004,115.239998,659.559998,46.740002,29.459999,94.190002,525.909973,56.91
8/13/2015,155.070007,115.150002,656.450012,46.73,28.870001,93.43,529.659973,57.330002
8/14/2015,155.75,115.959999,657.119995,47,29.02,94.419998,531.52002,57.59
8/17/2015,156.309998,117.160004,660.869995,47.32,29.08,93.93,535.219971,57.77
8/18/2015,156.009995,116.5,656.130005,47.27,28.91,95.169998,535.02002,57.549999
8/19/2015,153.940002,115.010002,660.900024,46.610001,28.360001,95.309998,532.919983,57
8/20/2015,152.660004,112.650002,646.830017,45.66,27.530001,90.559998,515.780029,55.330002
8/21/2015,148.850006,105.760002,612.47998,43.07,26.559999,86.059998,494.470001,53.599998
8/24/2015,143.470001,103.120003,589.609985,41.68,26.25,82.089996,463.369995,50.34
8/25/2015,140.960007,103.739998,582.059998,40.470001,25.870001,83,466.369995,49.880001
8/26/2015,146.699997,109.690002,628.619995,42.709999,27.299999,87.190002,500.769989,52.279999
8/27/2015,148.539993,112.919998,637.609985,43.900002,27.719999,89.730003,518.369995,53.439999
8/28/2015,147.979996,113.290001,630.380005,43.93,28.42,91.010002,518.01001,53.279999
8/31/2015,147.889999,112.760002,618.25,43.52,28.540001,89.43,512.890015,53.48
9/1/2015,142.679993,107.720001,597.789978,41.82,27.82,87.230003,496.540009,50.939999
9/2/2015,145.050003,112.339996,614.340027,43.360001,28.6,89.889999,510.549988,51.75
9/3/2015,146.779999,110.370003,606.25,43.5,29.08,88.150002,504.720001,51.790001
9/4/2015,143.699997,109.269997,600.700012,42.610001,28.52,88.260002,499,50.59
9/8/2015,147.229996,112.309998,614.659973,43.889999,29.5,89.529999,517.539978,51.650002
9/9/2015,145.050003,110.150002,612.719971,43.07,29.24,90.440002,516.890015,50.880001
9/10/2015,146.199997,112.57,621.349976,43.290001,29.27,91.980003,522.23999,51.07
9/11/2015,147.369995,114.209999,625.77002,43.48,29.469999,92.050003,529.440002,51.099998
9/14/2015,145.649994,115.309998,623.23999,43.040001,29.389999,92.309998,521.380005,50.98
9/15/2015,147.529999,116.279999,635.140015,43.98,29.73,92.900002,522.369995,52
9/16/2015,148.410004,116.410004,635.97998,44.299999,29.77,93.449997,527.390015,52.59
9/17/2015,148.139999,113.919998,642.900024,44.25,29.709999,94.339996,538.869995,51.650002
9/18/2015,144.509995,113.449997,629.25,43.48,29.02,94.400002,540.26001,50.290001
9/21/2015,146.479996,115.209999,635.440002,44.110001,29.16,95.550003,548.390015,50.709999
9/22/2015,144.429993,113.400002,622.690002,43.900002,28.67,92.959999,538.400024,50.380001
9/23/2015,143.660004,114.32,622.359985,43.869999,28.74,93.970001,536.070007,50.119999
9/24/2015,144.410004,115,625.799988,43.91,28.48,94.410004,533.75,49.130001
9/25/2015,145.419998,114.709999,611.969971,43.939999,28.809999,92.769997,524.25,50.549999
9/28/2015,142.520004,112.440002,594.890015,43.290001,28.76,89.209999,504.059998,49.029999
9/29/2015,142.470001,109.059998,594.969971,43.439999,29.24,86.669998,496.070007,49
9/30/2015,144.970001,110.300003,608.419983,44.259998,30.139999,89.900002,511.890015,49.610001
10/1/2015,143.589996,109.580002,611.289978,44.610001,30,90.949997,520.719971,49.889999
10/2/2015,144.580002,110.379997,626.909973,45.57,30.51,92.07,532.539978,49.880001
10/5/2015,149.039993,110.779999,641.469971,46.630001,31.209999,94.010002,543.679993,51.16
10/6/2015,148.779999,111.309998,645.440002,46.75,31.74,92.800003,537.47998,51.060001
10/7/2015,150.089996,110.779999,642.359985,46.799999,32.32,92.400002,541.940002,51.32
10/8/2015,152.279999,109.5,639.159973,47.450001,32.52,92.470001,533.159973,51.650002
10/9/2015,152.389999,112.120003,643.609985,47.110001,32.139999,93.239998,539.799988,51.380001
10/12/2015,151.139999,111.599998,646.669983,47,32.209999,94.260002,550.190002,51.279999
10/13/2015,149.619995,111.790001,652.299988,46.889999,32.040001,94.120003,548.900024,51.209999
10/14/2015,150.009995,110.209999,651.159973,46.68,32.799999,94.07,544.830017,50.720001
10/15/2015,150.089996,111.860001,661.73999,47.009998,32.75,95.959999,562.440002,52.970001
10/16/2015,150.389999,111.040001,662.200012,47.509998,33.040001,97.540001,570.76001,52.689999
10/19/2015,149.220001,111.730003,666.099976,47.619999,33.59,98.470001,573.150024,52.860001
10/20/2015,140.639999,113.769997,650.280029,47.77,33.439999,97,560.880005,52.84
10/21/2015,140.919998,113.760002,642.609985,47.200001,33.369999,97.110001,555.77002,51.810001
10/22/2015,144.089996,115.5,651.789978,48.029999,34.400002,99.669998,563.909973,52.509998
10/23/2015,144.679993,119.080002,702,52.869999,34.900002,102.190002,599.030029,53.639999
10/26/2015,143.660004,115.279999,712.780029,54.25,34.59,103.769997,608.609985,53.110001
10/27/2015,137.860001,114.550003,708.48999,53.689999,34.470001,103.699997,611.01001,52.610001
10/28/2015,140.830002,119.269997,712.950012,53.98,34.709999,104.199997,617.099976,54.73
10/29/2015,140.550003,120.529999,716.919983,53.360001,34.029999,104.879997,626.549988,53.66
10/30/2015,140.080002,119.5,710.809998,52.639999,33.860001,101.970001,625.900024,53.169998
11/2/2015,140.369995,121.18,721.109985,53.240002,34.110001,103.309998,628.349976,53.830002
11/3/2015,141.880005,122.57,722.159973,54.150002,34.310001,102.580002,625.309998,54.16
11/4/2015,141.630005,122,728.109985,54.400002,34.150002,103.940002,640.950012,53.830002
11/5/2015,139.889999,120.919998,731.25,54.380001,34,108.760002,655.650024,54.150002
11/6/2015,138.25,121.059998,733.76001,54.919998,33.84,107.099998,659.369995,55.869999
11/9/2015,135.309998,120.57,724.890015,54.16,33.349998,106.489998,655.48999,55.709999
11/10/2015,135.470001,116.769997,728.320007,53.509998,33.209999,107.910004,659.679993,55.799999
11/11/2015,135.020004,116.110001,735.400024,53.650002,32.860001,109.010002,673.25,54.900002
11/12/2015,133.039993,115.720001,731.22998,53.32,32.400002,108.019997,665.599976,53.459999
11/13/2015,131.75,112.339996,717,52.84,32.110001,103.949997,642.349976,53.169998
11/16/2015,133.710007,114.18,728.960022,53.77,32.099998,104.040001,647.809998,53.689999
11/17/2015,133.820007,113.690002,725.299988,52.970001,32.639999,105.129997,643.299988,53.490002
11/18/2015,135.820007,117.290001,740,53.849998,33.16,107.769997,663.539978,54.98
11/19/2015,136.740005,118.779999,738.409973,53.939999,34.299999,106.260002,661.27002,55.060001
11/20/2015,138.5,119.300003,756.599976,54.189999,34.66,107.32,668.450012,54.75
11/23/2015,138.460007,117.75,755.97998,54.189999,34.48,106.949997,678.98999,54.279999
11/24/2015,138.600006,118.879997,748.280029,54.25,34.360001,105.739998,671.150024,54.18
11/25/2015,138,118.029999,748.150024,53.689999,34.450001,105.410004,675.340027,54.080002
11/27/2015,138.460007,117.809998,750.26001,53.93,34.459999,105.449997,673.26001,54.209999
11/30/2015,139.419998,118.300003,742.599976,54.349998,34.77,104.239998,664.799988,54.09
12/1/2015,141.279999,117.339996,767.039978,55.220001,35.09,107.120003,679.059998,54.880001
12/2/2015,139.699997,116.279999,762.380005,55.209999,34.830002,106.07,676.01001,54.139999
12/3/2015,138.919998,115.199997,752.539978,54.200001,34.040001,104.379997,666.25,53.509998
12/4/2015,140.429993,119.029999,766.809998,55.91,34.939999,106.18,672.640015,55.09
12/7/2015,139.550003,118.279999,763.25,55.810001,34.990002,105.610001,669.830017,54.400002
12/8/2015,138.050003,118.230003,762.369995,55.790001,34.75,106.489998,677.330017,53.389999
12/9/2015,136.610001,115.620003,751.609985,54.98,34.810001,104.599998,664.789978,52.810001
12/10/2015,136.779999,116.169998,749.460022,55.27,34.77,105.419998,662.320007,52.650002
12/11/2015,134.570007,113.18,738.869995,54.060001,34.27,102.120003,640.150024,51.110001
12/14/2015,135.929993,112.480003,747.77002,55.139999,34.470001,104.660004,657.909973,51.099998
12/15/2015,137.789993,110.489998,743.400024,55.200001,35.18,104.550003,658.640015,52.52
12/16/2015,139.289993,111.339996,758.090027,56.130001,35.299999,106.790001,675.77002,53.900002
12/17/2015,136.75,108.980003,749.429993,55.700001,34.91,106.220001,670.650024,52.84
12/18/2015,134.899994,106.029999,739.309998,54.130001,33.869999,104.040001,664.140015,51.209999
12/21/2015,135.5,107.330002,747.77002,54.830002,34.240002,104.769997,664.51001,51.790001
12/22/2015,137.929993,107.230003,750,55.349998,34.73,105.510002,663.150024,52.009998
12/23/2015,138.539993,108.610001,750.309998,55.82,35,104.629997,663.700012,52.630001
12/24/2015,138.25,108.029999,748.400024,55.669998,34.98,105.019997,662.789978,52.709999
12/28/2015,137.610001,106.82,762.51001,55.950001,34.93,105.93,675.200012,52.380001
12/29/2015,139.779999,108.739998,776.599976,56.549999,35.439999,107.260002,693.969971,52.98
12/30/2015,139.339996,107.32,771,56.310001,34.990002,106.220001,689.070007,52.299999
12/31/2015,137.619995,105.260002,758.880005,55.48,34.450001,104.660004,675.890015,51.75
1/4/2016,135.949997,105.349998,741.840027,54.799999,33.990002,102.220001,636.98999,51.130001
1/5/2016,135.850006,102.709999,742.580017,55.049999,33.830002,102.730003,633.789978,50.860001
1/6/2016,135.169998,100.699997,743.619995,54.049999,33.080002,102.970001,632.650024,50.119999
1/7/2016,132.860001,96.449997,726.390015,52.169998,31.84,97.919998,607.940002,47.560001
1/8/2016,131.630005,96.959999,714.469971,52.330002,31.51,97.330002,607.049988,46.130001
1/11/2016,133.229996,98.529999,716.030029,52.299999,32.060001,97.510002,617.73999,46.849998
1/12/2016,132.899994,99.959999,726.070007,52.779999,32.68,99.370003,617.890015,46.880001
1/13/2016,131.169998,97.389999,700.559998,51.639999,31.91,95.440002,581.809998,45.189999
1/14/2016,132.910004,99.519997,714.719971,53.110001,32.740002,98.370003,593,45.380001
1/15/2016,130.029999,97.129997,694.450012,50.990002,29.76,94.970001,570.179993,42.470001
1/19/2016,128.110001,96.660004,701.789978,50.560001,29.799999,95.260002,574.47998,41.939999
1/20/2016,121.860001,96.790001,698.450012,50.790001,29.59,94.349998,571.77002,40.490002
1/21/2016,122.910004,96.300003,706.590027,50.48,29.66,94.160004,575.02002,40.150002
1/22/2016,122.5,101.419998,725.25,52.290001,29.93,97.940002,596.380005,41.060001
1/25/2016,122.080002,99.440002,711.669983,51.790001,29.6,97.010002,596.530029,39.549999
1/26/2016,122.589996,99.989998,713.039978,52.169998,29.940001,97.339996,601.25,40.5
1/27/2016,120.959999,93.419998,699.98999,51.220001,29.809999,94.449997,583.349976,40.560001
1/28/2016,122.220001,94.089996,730.960022,52.060001,29.969999,109.110001,635.349976,40.389999
1/29/2016,124.790001,97.339996,742.950012,55.09,31.02,112.209999,587,42.580002
2/1/2016,124.830002,96.43,752,54.709999,30.82,115.089996,574.809998,42.48
2/2/2016,122.940002,94.480003,764.650024,53,29.799999,114.610001,552.099976,40.419998
2/3/2016,124.720001,96.349998,726.950012,52.16,29.34,112.690002,531.070007,40.360001
2/4/2016,127.650002,96.599998,708.01001,52,29.77,110.489998,536.26001,40.790001
2/5/2016,128.570007,94.019997,683.570007,50.16,29.040001,104.07,502.130005,39.860001
2/8/2016,126.980003,95.010002,682.73999,49.41,28.82,99.75,488.100006,37.810001
2/9/2016,124.07,94.989998,678.109985,49.279999,28.809999,99.540001,482.070007,37.509998
2/10/2016,120.190002,94.269997,684.119995,49.709999,28.23,101,490.480011,37.41
2/11/2016,117.849998,93.699997,683.109985,49.689999,28.219999,101.910004,503.820007,34.98
2/12/2016,121.040001,93.989998,682.400024,50.5,28.639999,102.010002,507.079987,37.540001
2/16/2016,122.739998,96.639999,691,51.09,28.780001,101.610001,521.099976,38.889999
2/17/2016,126.099998,98.120003,708.400024,52.419998,29.469999,105.199997,534.099976,39.779999
2/18/2016,132.449997,96.260002,697.349976,52.189999,29.42,103.470001,525,38.919998
2/19/2016,133.080002,96.040001,700.909973,51.82,28.709999,104.57,534.900024,38.990002
2/22/2016,133.770004,96.879997,706.460022,52.650002,29.35,107.160004,559.5,39.52
2/23/2016,132.399994,94.690002,695.849976,51.18,28.799999,105.459999,552.940002,38.220001
2/24/2016,132.800003,96.099998,699.559998,51.360001,29.190001,106.879997,554.039978,38.09
2/25/2016,134.5,96.760002,705.75,52.099998,29.620001,108.07,555.150024,38.619999
2/26/2016,132.029999,96.910004,705.070007,51.299999,29.799999,107.919998,555.22998,39.5
2/29/2016,131.029999,96.690002,697.77002,50.880001,29.59,106.919998,552.52002,38.849998
3/1/2016,134.369995,100.529999,718.809998,52.580002,30.370001,109.82,579.039978,41.27
3/2/2016,136.300003,100.75,718.849976,52.950001,30.540001,109.949997,580.210022,42.220001
3/3/2016,137.800003,101.5,712.419983,52.349998,30.58,109.580002,577.48999,42.830002
3/4/2016,137.800003,103.010002,710.890015,52.029999,30.629999,108.389999,575.140015,42.830002
3/7/2016,140.149994,101.870003,695.159973,51.029999,30.940001,105.730003,562.799988,42.610001
3/8/2016,139.070007,101.029999,693.969971,51.650002,30.559999,105.93,560.26001,41.049999
3/9/2016,140.410004,101.120003,705.23999,52.84,30.870001,107.510002,559.469971,41.150002
3/10/2016,140.190002,101.169998,712.820007,52.049999,31.25,107.32,558.929993,41.369999
3/11/2016,142.360001,102.260002,726.820007,53.07,31.76,109.410004,569.609985,42.990002
3/14/2016,142.779999,102.519997,730.48999,53.169998,31.43,109.889999,573.369995,42.669998
3/15/2016,142.960007,104.580002,728.330017,53.59,31.65,110.669998,577.02002,42.59
3/16/2016,144.789993,105.970001,736.090027,54.349998,31.690001,112.18,574.27002,42.23
3/17/2016,147.039993,105.800003,737.780029,54.66,31.98,111.019997,559.440002,42.849998
3/18/2016,147.089996,105.919998,737.599976,53.490002,32.68,111.449997,552.080017,43.540001
3/21/2016,148.630005,105.910004,742.090027,53.860001,32.34,111.849998,553.97998,43.599998
3/22/2016,148.100006,106.720001,740.75,54.07,32.32,112.25,560.47998,43.380001
3/23/2016,145.399994,106.129997,738.059998,53.970001,32,112.540001,569.630005,42.369999
3/24/2016,147.949997,105.669998,735.299988,54.209999,31.879999,113.050003,582.950012,41.939999
3/28/2016,148.399994,105.190002,733.530029,53.540001,31.9,113.690002,579.869995,41.919998
3/29/2016,149.330002,107.68,744.77002,54.709999,32.380001,116.139999,593.859985,41.720001
3/30/2016,148.410004,109.559998,750.530029,55.049999,32.709999,114.699997,598.690002,41.880001
3/31/2016,151.449997,108.989998,744.950012,55.23,32.349998,114.099998,593.640015,41.75
4/1/2016,152.520004,109.989998,749.909973,55.57,32.450001,116.059998,598.5,42.470001
4/4/2016,152.070007,111.120003,745.289978,55.43,32,112.550003,593.190002,42.060001
4/5/2016,150,109.809998,737.799988,54.560001,31.9,112.220001,586.140015,41.509998
4/6/2016,150.020004,110.959999,745.690002,55.119999,32.080002,113.709999,602.080017,41.860001
4/7/2016,148.25,108.540001,740.280029,54.459999,31.549999,113.639999,591.429993,40.27
4/8/2016,149.350006,108.660004,739.150024,54.419998,31.629999,110.629997,594.599976,40.470001
4/11/2016,149.25,109.019997,736.099976,54.310001,31.67,108.989998,595.929993,41.119999
4/12/2016,149.630005,110.440002,743.090027,54.650002,31.860001,110.610001,603.169983,41.900002
4/13/2016,151.229996,112.040001,751.719971,55.349998,32.130001,110.510002,614.820007,44.25
4/14/2016,151.160004,112.099998,753.200012,55.360001,31.799999,110.839996,620.75,44.98
4/15/2016,151.720001,109.849998,759,55.650002,31.459999,109.639999,625.890015,44.919998
4/18/2016,152.529999,107.480003,766.609985,56.459999,31.65,110.449997,635.349976,45.110001
4/19/2016,144,106.910004,753.929993,56.389999,31.6,112.290001,627.900024,45.630001
4/20/2016,146.110001,107.129997,752.669983,55.59,32,112.419998,632.98999,46.740002
4/21/2016,149.300003,105.970001,759.140015,55.779999,31.969999,113.440002,631,46.599998
4/22/2016,148.5,105.68,718.77002,51.779999,31.639999,110.559998,620.5,46.970001
4/25/2016,148.809998,105.080002,723.150024,52.110001,31.389999,110.099998,626.200012,46.689999
4/26/2016,149.080002,104.349998,708.140015,51.439999,31.4,108.760002,616.880005,47.099998
4/27/2016,150.470001,97.82,705.840027,50.939999,31.75,108.889999,606.570007,47.330002
4/28/2016,147.070007,94.830002,691.02002,49.900002,31.110001,116.730003,602,46.73
4/29/2016,145.940002,93.739998,693.01001,49.869999,30.280001,117.580002,659.590027,46.279999
5/2/2016,145.270004,93.639999,698.210022,50.610001,30.610001,118.57,683.849976,46.68
5/3/2016,144.130005,95.18,692.359985,49.779999,30.360001,117.43,671.320007,45.57
5/4/2016,144.25,94.190002,695.700012,49.869999,29.85,118.059998,670.900024,44.66
5/5/2016,146.470001,93.239998,701.429993,49.939999,29.9,117.809998,659.090027,44.23
5/6/2016,147.289993,92.720001,711.119995,50.389999,30.040001,119.489998,673.950012,44.41
5/9/2016,147.339996,92.790001,712.900024,50.07,29.799999,119.239998,679.75,43.889999
5/10/2016,149.970001,93.419998,723.179993,51.02,30.139999,120.5,703.070007,44.84
5/11/2016,148.949997,92.510002,715.289978,51.049999,30.059999,119.519997,713.22998,44.470001
5/12/2016,148.839996,90.339996,713.309998,51.509998,29.76,120.279999,717.929993,44
5/13/2016,147.720001,90.519997,710.830017,51.080002,29.91,119.809998,709.919983,43.110001
5/16/2016,149.460007,93.879997,716.48999,51.830002,30.389999,118.669998,710.659973,43.150002
5/17/2016,148,93.489998,706.22998,50.509998,29.98,117.349998,695.27002,43.700001
5/18/2016,147.339996,94.559998,706.630005,50.810001,29.99,117.650002,697.450012,45.869999
5/19/2016,144.929993,94.199997,700.320007,50.32,29.629999,116.809998,698.52002,45.060001
5/20/2016,147.25,95.220001,709.73999,50.619999,30.15,117.349998,702.799988,44.900002
5/23/2016,146.770004,96.43,704.23999,50.029999,30.23,115.970001,696.75,45.110001
5/24/2016,148.309998,97.900002,720.090027,51.59,31.059999,117.699997,704.200012,45.860001
5/25/2016,151.690002,99.620003,725.27002,52.119999,31.389999,117.889999,708.349976,46.939999
5/26/2016,152.440002,100.410004,724.119995,51.889999,31.49,119.470001,714.909973,46.110001
5/27/2016,152.839996,100.349998,732.659973,52.32,31.57,119.379997,712.23999,46.580002
5/31/2016,153.740005,99.860001,735.719971,53,31.59,118.809998,722.789978,46.57
6/1/2016,152.509995,98.459999,734.150024,52.849998,31.66,118.779999,719.440002,46.939999
6/2/2016,153.5,97.720001,730.400024,52.48,31.76,118.93,728.23999,46.970001
6/3/2016,152.889999,97.919998,722.340027,51.790001,31.620001,118.470001,725.539978,45.389999
6/6/2016,152.729996,98.629997,716.549988,52.130001,31.68,118.790001,726.72998,45.740002
6/7/2016,153.330002,99.029999,716.650024,52.099998,31.879999,117.760002,723.73999,45.540001
6/8/2016,154,98.940002,728.280029,52.040001,31.889999,118.389999,726.640015,45.560001
6/9/2016,153.419998,99.650002,728.580017,51.619999,31.940001,118.559998,727.650024,45.009998
6/10/2016,152.369995,98.830002,719.409973,51.48,32.040001,116.620003,717.909973,43.900002
6/13/2016,151.279999,97.339996,718.359985,50.139999,32.169998,113.949997,715.23999,43.16
6/14/2016,151.059998,97.459999,718.27002,49.830002,32.139999,114.940002,719.299988,41.959999
6/15/2016,150.679993,97.139999,718.919983,49.689999,31.610001,114.599998,714.26001,42.009998
6/16/2016,151.059998,97.550003,710.359985,50.389999,31.690001,114.389999,717.51001,42.119999
6/17/2016,151.990005,95.330002,691.719971,50.130001,31.76,113.019997,706.390015,42.48
6/20/2016,153.610001,95.099998,693.710022,50.07,32.169998,113.370003,714.01001,42.799999
6/21/2016,154.050003,95.910004,695.940002,51.189999,32.32,114.379997,715.820007,42.919998
6/22/2016,152.919998,95.550003,697.460022,50.990002,32.290001,113.910004,710.599976,42.68
6/23/2016,155.350006,96.099998,701.869995,51.91,32.990002,115.080002,722.080017,44.459999
6/24/2016,146.589996,93.400002,675.219971,49.830002,31.549999,112.080002,698.960022,40.299999
6/27/2016,143.5,92.040001,668.26001,48.43,30.719999,108.970001,691.359985,38.48
6/28/2016,145.699997,93.589996,680.039978,49.439999,31.190001,112.699997,707.950012,40.439999
6/29/2016,148.460007,94.400002,684.109985,50.540001,31.93,114.160004,715.599976,42.119999
6/30/2016,151.779999,95.599998,692.099976,51.169998,32.799999,114.279999,715.619995,42.389999
7/1/2016,152.350006,95.889999,699.210022,51.16,32.75,114.190002,725.679993,42.169998
7/5/2016,151.679993,94.989998,694.950012,51.169998,32.68,114.199997,728.099976,40.779999
7/6/2016,152.369995,95.529999,697.77002,51.380001,32.970001,116.699997,737.609985,41.060001
7/7/2016,152.600006,95.940002,695.359985,51.380001,33.200001,115.849998,736.570007,41.290001
7/8/2016,154.460007,96.68,705.630005,52.299999,34,117.239998,745.809998,41.98
7/11/2016,155.330002,96.980003,715.090027,52.59,34.380001,117.870003,753.780029,42.290001
7/12/2016,157.039993,97.419998,720.640015,53.209999,34.939999,117.93,748.210022,43.439999
7/13/2016,158.020004,96.870003,716.97998,53.509998,35.009998,116.779999,742.630005,43.330002
7/14/2016,160.279999,98.790001,720.950012,53.740002,35.200001,117.290001,741.200012,44.450001
7/15/2016,159.779999,98.779999,719.849976,53.700001,35.07,116.860001,735.440002,44.330002
7/18/2016,159.860001,99.830002,733.780029,53.959999,35.049999,119.370003,736.070007,44.57
7/19/2016,159.580002,99.870003,736.960022,53.09,35.150002,120.610001,739.950012,44.349998
7/20/2016,161.360001,99.959999,741.190002,55.91,35.689999,121.919998,745.719971,44.470001
7/21/2016,160.449997,99.43,738.630005,55.799999,34.27,120.610001,744.429993,44.130001
7/22/2016,162.070007,98.660004,742.73999,56.57,34.66,121,744.859985,44.299999
7/25/2016,162.649994,97.339996,739.77002,56.73,34.689999,121.629997,739.609985,44.040001
7/26/2016,162.119995,96.669998,738.419983,56.759998,35.09,121.220001,735.590027,44.150002
7/27/2016,161.830002,102.949997,741.77002,56.189999,34.830002,123.339996,736.669983,44.290001
7/28/2016,161.369995,104.339996,745.909973,56.209999,34.77,125,752.609985,44.080002
7/29/2016,160.619995,104.209999,768.789978,56.68,34.860001,123.940002,758.809998,43.810001
8/1/2016,161.449997,106.050003,772.880005,56.580002,34.849998,124.309998,767.73999,43.419998
8/2/2016,160.580002,104.480003,771.070007,56.580002,34.560001,123.089996,760.580017,42.990002
8/3/2016,160.669998,105.790001,773.179993,56.970001,34.25,122.510002,754.640015,43.889999
8/4/2016,161.550003,105.870003,771.609985,57.389999,34.580002,124.360001,760.77002,43.84
8/5/2016,163.5,107.480003,782.219971,57.959999,34.98,125.150002,765.97998,45.720001
8/8/2016,162.039993,108.370003,781.76001,58.060001,35.040001,125.260002,766.559998,45.959999
8/9/2016,161.770004,108.809998,784.26001,58.200001,34.919998,125.059998,768.309998,45.900002
8/10/2016,162.080002,108,784.679993,58.02,34.529999,124.879997,768.559998,45.450001
8/11/2016,163.529999,107.93,784.849976,58.299999,34.68,124.900002,771.23999,45.73
8/12/2016,161.949997,108.18,783.219971,57.939999,34.57,124.879997,772.559998,45.580002
8/15/2016,161.880005,109.480003,782.440002,58.119999,34.91,123.900002,768.48999,46.389999
8/16/2016,160.699997,109.379997,777.140015,57.439999,35.209999,123.300003,764.039978,46.619999
8/17/2016,160.440002,109.220001,779.909973,57.560001,35.02,124.370003,764.630005,46.630001
8/18/2016,161.360001,109.080002,777.5,57.599998,34.970001,123.910004,764.460022,46.5
8/19/2016,160.039993,109.360001,775.419983,57.619999,35.240002,123.559998,757.309998,46.529999
8/22/2016,160,108.510002,772.150024,57.669998,35.360001,124.150002,759.47998,46.66
8/23/2016,160.259995,108.849998,772.080017,57.889999,35.400002,124.370003,762.450012,46.59
8/24/2016,159.050003,108.029999,769.640015,57.950001,35.150002,123.480003,757.25,46.66
8/25/2016,158.630005,107.57,769.409973,58.169998,35.09,123.889999,759.219971,46.720001
8/26/2016,158.320007,106.940002,769.539978,58.029999,35.259998,124.959999,769,47.110001
8/29/2016,159.720001,106.82,772.150024,58.099998,35.549999,126.540001,771.289978,47.259998
8/30/2016,159.399994,106,769.090027,57.889999,35.700001,125.839996,767.580017,47.900002
8/31/2016,158.880005,106.099998,767.049988,57.459999,35.889999,126.120003,769.159973,47.740002
9/1/2016,159.539993,106.730003,768.780029,57.59,36.02,126.169998,770.619995,47.360001
9/2/2016,159.550003,107.730003,771.460022,57.669998,36.080002,126.510002,772.440002,47.509998
9/6/2016,160.350006,107.699997,780.080017,57.610001,36.57,129.729996,788.869995,47.290001
9/7/2016,161.639999,108.360001,780.349976,57.66,36.459999,131.050003,784.47998,47.48
9/8/2016,159,105.519997,775.320007,57.43,36.439999,130.270004,784.059998,47.790001
9/9/2016,155.690002,103.129997,759.659973,56.209999,35.439999,127.099998,760.140015,47.169998
9/12/2016,158.289993,105.440002,769.02002,57.049999,36.080002,128.690002,771.48999,47.790001
9/13/2016,155.809998,107.949997,759.690002,56.529999,35.610001,127.209999,761.01001,46.919998
9/14/2016,154.050003,111.769997,762.48999,56.259998,35.619999,127.769997,761.090027,46.75
9/15/2016,155.660004,115.57,771.76001,57.189999,36.560001,128.350006,769.690002,47.080002
9/16/2016,153.839996,114.919998,768.880005,57.25,37.669998,129.070007,778.52002,46.41
9/19/2016,154.869995,113.580002,765.700012,56.93,37.16,128.649994,775.099976,46.59
9/20/2016,154.449997,113.57,771.409973,56.810001,37.139999,128.639999,780.219971,46.540001
9/21/2016,155.529999,113.550003,776.219971,57.759998,37.450001,129.940002,789.73999,46.900002
9/22/2016,156.110001,114.620003,787.210022,57.82,37.549999,130.080002,804.700012,47.110001
9/23/2016,154.979996,112.709999,786.900024,57.43,37.189999,127.959999,805.75,47.150002
9/26/2016,153.979996,112.879997,774.210022,56.900002,36.650002,127.309998,799.159973,45.889999
9/27/2016,156.770004,113.089996,783.01001,57.950001,37.18,128.690002,816.109985,46.369999
9/28/2016,158.289993,113.949997,781.559998,58.029999,37.439999,129.229996,828.719971,46.869999
9/29/2016,158.110001,112.18,775.01001,57.400002,37.32,128.089996,829.049988,45.799999
9/30/2016,158.850006,113.050003,777.289978,57.599998,37.75,128.270004,837.309998,47.23
10/3/2016,157.610001,112.519997,772.559998,57.419998,37.66,128.770004,836.73999,47.029999
10/4/2016,156.460007,113,776.429993,57.240002,37.540001,128.190002,834.030029,47.75
10/5/2016,157.080002,113.050003,776.469971,57.639999,37.990002,128.470001,844.359985,48.650002
10/6/2016,156.880005,113.889999,776.859985,57.740002,38.07,128.740005,841.659973,49.07
10/7/2016,155.669998,114.059998,775.080017,57.799999,38.099998,128.990005,839.429993,49.279999
10/10/2016,157.020004,116.050003,785.940002,58.040001,38.02,130.240005,841.710022,49.549999
10/11/2016,154.789993,116.300003,783.070007,57.189999,37.27,128.880005,831,48.990002
10/12/2016,154.289993,117.339996,786.140015,57.110001,37.130001,129.050003,834.090027,48.700001
10/13/2016,153.720001,116.980003,778.190002,56.919998,36.970001,127.82,829.280029,48.470001
10/14/2016,154.449997,117.629997,778.530029,57.419998,37.450001,127.879997,822.960022,48.610001
10/17/2016,154.770004,117.550003,779.960022,57.220001,37.290001,127.540001,812.950012,48.599998
10/18/2016,150.720001,117.470001,795.26001,57.66,37.75,128.570007,817.650024,48.990002
10/19/2016,151.259995,117.120003,801.5,57.529999,35.509998,130.110001,817.690002,49.48
10/20/2016,151.520004,117.059998,796.969971,57.25,35.43,130,810.320007,49.580002
10/21/2016,149.630005,116.599998,799.369995,59.66,35.150002,132.070007,818.98999,49.57
10/24/2016,150.570007,117.650002,813.109985,61,35.259998,133.279999,838.090027,49.580002
10/25/2016,150.880005,118.25,807.669983,60.990002,35.099998,132.289993,835.179993,49.59
10/26/2016,151.809998,115.589996,799.070007,60.630001,34.919998,131.039993,822.590027,50.009998
10/27/2016,153.350006,114.480003,795.349976,60.099998,34.810001,129.690002,818.359985,49.93
10/28/2016,152.610001,113.720001,795.369995,59.869999,34.740002,131.289993,776.320007,49.560001
10/31/2016,153.690002,113.540001,784.539978,59.919998,34.869999,130.990005,789.820007,49.150002
11/1/2016,152.789993,111.489998,783.609985,59.799999,34.52,129.5,785.409973,48.939999
11/2/2016,151.949997,111.589996,768.700012,59.43,34.599998,127.169998,765.559998,48.540001
11/3/2016,152.369995,109.830002,762.130005,59.209999,33.93,120,767.030029,48.189999
11/4/2016,152.429993,108.839996,762.02002,58.709999,33.610001,120.75,755.049988,48.169998
11/7/2016,155.720001,110.410004,782.52002,60.419998,34.689999,122.150002,784.929993,49.82
11/8/2016,155.169998,111.059998,790.51001,60.470001,34.740002,124.220001,787.75,49.91
11/9/2016,154.809998,110.879997,785.309998,60.169998,34.75,123.18,771.880005,51.59
11/10/2016,160.220001,107.790001,762.559998,58.700001,34.5,120.800003,742.380005,53.610001
11/11/2016,161.270004,108.43,754.02002,59.02,34.610001,119.019997,739.01001,52.830002
11/14/2016,158.210007,105.709999,736.080017,58.119999,34.48,115.080002,719.070007,54.68
11/15/2016,158.669998,107.110001,758.48999,58.869999,34.91,117.199997,743.23999,55.450001
11/16/2016,159.289993,109.989998,764.47998,59.650002,34.84,116.339996,746.48999,54.630001
11/17/2016,159.800003,109.949997,771.22998,60.639999,35.02,117.790001,756.400024,55.450001
11/18/2016,160.389999,110.059998,760.539978,60.349998,34.950001,117.019997,760.159973,55.459999
11/21/2016,162.770004,111.730003,769.200012,60.860001,34.98,121.769997,780,55.540001
11/22/2016,162.669998,111.800003,768.27002,61.119999,35.48,121.470001,785.330017,56.099998
11/23/2016,161.979996,111.230003,760.98999,60.400002,35.200001,120.839996,780.119995,56.689999
11/25/2016,163.139999,111.790001,761.679993,60.529999,35.439999,120.379997,780.369995,56.779999
11/28/2016,164.520004,111.57,768.23999,60.610001,35.509998,120.410004,766.77002,55.470001
11/29/2016,163.529999,111.459999,770.840027,61.09,35.310001,120.870003,762.52002,55.52
11/30/2016,162.220001,110.519997,758.039978,60.259998,34.700001,118.419998,750.570007,56.389999
12/1/2016,159.820007,109.489998,747.919983,59.200001,33.759998,115.099998,743.650024,57.27
12/2/2016,160.020004,109.900002,750.5,59.25,34.16,115.400002,740.340027,56.02
12/5/2016,159.839996,109.110001,762.52002,60.220001,34.389999,117.43,759.359985,57.279999
12/6/2016,160.350006,109.949997,759.109985,59.950001,34.720001,117.309998,764.719971,57.919998
12/7/2016,164.789993,111.029999,771.190002,61.369999,35.5,117.949997,770.419983,59.060001
12/8/2016,165.360001,112.120003,776.419983,61.009998,35.700001,118.910004,767.330017,60.150002
12/9/2016,166.520004,113.949997,789.289978,61.970001,35.759998,119.68,768.659973,60.040001
12/12/2016,165.5,113.300003,789.27002,62.169998,35.970001,117.769997,760.119995,59.549999
12/13/2016,168.289993,115.190002,796.099976,62.98,36.799999,120.309998,774.340027,59.790001
12/14/2016,168.509995,115.190002,797.070007,62.68,36.549999,120.209999,768.820007,59.450001
12/15/2016,168.020004,115.82,797.849976,62.580002,36.790001,120.57,761,60.23
12/16/2016,166.729996,115.970001,790.799988,62.299999,36.310001,119.870003,757.77002,59.75
12/19/2016,166.679993,116.639999,794.200012,63.619999,36.889999,119.239998,766,59.66
12/20/2016,167.600006,116.949997,796.419983,63.540001,37.209999,119.089996,771.219971,60.799999
12/21/2016,167.330002,117.059998,794.559998,63.540001,36.98,119.040001,770.599976,60.75
12/22/2016,167.059998,116.290001,791.26001,63.549999,36.93,117.400002,766.340027,60.490002
12/23/2016,166.710007,116.519997,789.909973,63.240002,36.970001,117.269997,760.590027,60.990002
12/27/2016,167.139999,117.260002,791.549988,63.279999,37.07,118.010002,771.400024,61.09
12/28/2016,166.190002,116.760002,785.049988,62.990002,36.630001,116.919998,772.130005,60.040001
12/29/2016,166.600006,116.730003,782.789978,62.900002,36.66,116.349998,765.150024,59.380001
12/30/2016,165.990005,115.82,771.820007,62.139999,36.27,115.050003,749.869995,59.43
