Date,TSLA_d-1,TSLA_d-2,TSLA_d-3,TSLA_d-4,TSLA_d-5,GENC_d-1,GENC_d-2,GENC_d-3,GENC_d-4,GENC_d-5,MARK_d-1,MARK_d-2,MARK_d-3,MARK_d-4,MARK_d-5,d-1_perP,d-1_app,d-1_apn,d-1_sentiment,d-2_perP,d-3_perP
2015-04-30,1.9700010000000248,-1.0700069999999755,13.120009999999949,-0.1700129999999831,-0.8399959999999851,-0.039999000000000784,-0.1266670000000003,0.0,0.13333300000000034,-0.15333299999999994,-0.16999999999999993,0.20000000000000015,-0.09000000000000075,-0.049999999999999815,-0.01999999999999957,0.4736842105263158,-53.143194025001364,-47.70726321142384,0.0,0.3584905660377358,0.4375
2015-05-01,-6.399994000000049,1.9700010000000248,-1.0700069999999755,13.120009999999949,-0.1700129999999831,0.05999900000000125,-0.039999000000000784,-0.1266670000000003,0.0,0.13333300000000034,0.0600000000000005,-0.16999999999999993,0.20000000000000015,-0.09000000000000075,-0.049999999999999815,0.5176470588235295,-37.422940921982985,-40.348757996627214,1.0,0.4736842105263158,0.3584905660377358
2015-05-04,-0.02000399999994329,-6.399994000000049,1.9700010000000248,-1.0700069999999755,13.120009999999949,-0.0533330000000003,0.05999900000000125,-0.039999000000000784,-0.1266670000000003,0.0,-0.05000000000000071,0.0600000000000005,-0.16999999999999993,0.20000000000000015,-0.09000000000000075,0.4606741573033708,-48.118835153868524,-40.76058607706711,0.0,0.4577464788732394,0.4234693877551021
2015-05-05,4.479996,-0.02000399999994329,-6.399994000000049,1.9700010000000248,-1.0700069999999755,0.04666699999999935,-0.0533330000000003,0.05999900000000125,-0.039999000000000784,-0.1266670000000003,0.0600000000000005,-0.05000000000000071,0.0600000000000005,-0.16999999999999993,0.20000000000000015,0.4786324786324786,-41.60546536975578,-38.158072933383224,0.0,0.4606741573033708,0.4577464788732394
2015-05-06,2.4400019999999927,4.479996,-0.02000399999994329,-6.399994000000049,1.9700010000000248,0.01333300000000026,0.04666699999999935,-0.0533330000000003,0.05999900000000125,-0.039999000000000784,-0.049999999999999815,0.0600000000000005,-0.05000000000000071,0.0600000000000005,-0.16999999999999993,0.5339805825242718,-30.68883977714167,-35.23635187965908,1.0,0.4786324786324786,0.4606741573033708
2015-05-07,-2.520004,2.4400019999999927,4.479996,-0.02000399999994329,-6.399994000000049,0.0,0.01333300000000026,0.04666699999999935,-0.0533330000000003,0.05999900000000125,0.0,-0.049999999999999815,0.0600000000000005,-0.05000000000000071,0.0600000000000005,0.5212765957446809,-39.82388137340159,-43.31444220727314,1.0,0.5339805825242718,0.4786324786324786
2015-05-08,6.370009999999951,-2.520004,2.4400019999999927,4.479996,-0.02000399999994329,0.0066670000000002005,0.0,0.01333300000000026,0.04666699999999935,-0.0533330000000003,-0.03000000000000025,0.0,-0.049999999999999815,0.0600000000000005,-0.05000000000000071,0.4262295081967213,-43.10422409744895,-31.504624316670107,0.0,0.5212765957446809,0.5339805825242718
2015-05-11,-0.19000199999999268,6.370009999999951,-2.520004,2.4400019999999927,4.479996,-0.20000099999999946,0.0066670000000002005,0.0,0.01333300000000026,0.04666699999999935,0.14999999999999947,-0.03000000000000025,0.0,-0.049999999999999815,0.0600000000000005,0.5172413793103449,-33.09754612610511,-35.51316579475701,1.0,0.3617021276595745,0.4025974025974026
2015-05-12,2.8800039999999854,-0.19000199999999268,6.370009999999951,-2.520004,2.4400019999999927,-0.01999900000000121,-0.20000099999999946,0.0066670000000002005,0.0,0.01333300000000026,-0.09999999999999963,0.14999999999999947,-0.03000000000000025,0.0,-0.049999999999999815,0.3809523809523809,-51.18583817757989,-30.78504151486223,0.0,0.5172413793103449,0.3617021276595745
2015-05-13,5.25,2.8800039999999854,-0.19000199999999268,6.370009999999951,-2.520004,0.0,-0.01999900000000121,-0.20000099999999946,0.0066670000000002005,0.0,0.020000000000000462,-0.09999999999999963,0.14999999999999947,-0.03000000000000025,0.0,0.4907407407407408,-40.97431089110328,-39.40107496353189,0.0,0.3809523809523809,0.5172413793103449
2015-05-14,-1.5600119999999436,5.25,2.8800039999999854,-0.19000199999999268,6.370009999999951,0.1266670000000003,0.0,-0.01999900000000121,-0.20000099999999946,0.0066670000000002005,-0.09000000000000075,0.020000000000000462,-0.09999999999999963,0.14999999999999947,-0.03000000000000025,0.4722222222222222,-42.36676558658072,-37.647558264669186,0.0,0.4907407407407408,0.3809523809523809
2015-05-15,0.9200129999999832,-1.5600119999999436,5.25,2.8800039999999854,-0.19000199999999268,0.07999900000000082,0.1266670000000003,0.0,-0.01999900000000121,-0.20000099999999946,0.0,-0.09000000000000075,0.020000000000000462,-0.09999999999999963,0.14999999999999947,0.3882352941176471,-48.64589421785549,-30.44761729903193,0.0,0.4722222222222222,0.4907407407407408
2015-05-18,4.7399899999999775,0.9200129999999832,-1.5600119999999436,5.25,2.8800039999999854,0.13999999999999968,0.07999900000000082,0.1266670000000003,0.0,-0.01999900000000121,0.09000000000000075,0.0,-0.09000000000000075,0.020000000000000462,-0.09999999999999963,0.43478260869565216,-48.85716481785744,-36.86998312605414,0.0,0.4035087719298245,0.3928571428571429
2015-05-19,-0.08999599999998509,4.7399899999999775,0.9200129999999832,-1.5600119999999436,5.25,0.013333999999999513,0.13999999999999968,0.07999900000000082,0.1266670000000003,0.0,-0.0600000000000005,0.09000000000000075,0.0,-0.09000000000000075,0.020000000000000462,0.4393939393939394,-48.02132561112378,-37.240171363539204,0.0,0.43478260869565216,0.4035087719298245
2015-05-20,-1.6100009999999827,-0.08999599999998509,4.7399899999999775,0.9200129999999832,-1.5600119999999436,-0.09333399999999957,0.013333999999999513,0.13999999999999968,0.07999900000000082,0.1266670000000003,-0.11000000000000032,-0.0600000000000005,0.09000000000000075,0.0,-0.09000000000000075,0.3787878787878788,-48.88102930393351,-29.504506607469487,0.0,0.4393939393939394,0.43478260869565216
2015-05-21,-2.7899930000000097,-1.6100009999999827,-0.08999599999998509,4.7399899999999775,0.9200129999999832,0.2066669999999995,-0.09333399999999957,0.013333999999999513,0.13999999999999968,0.07999900000000082,-0.07999999999999963,-0.11000000000000032,-0.0600000000000005,0.09000000000000075,0.0,0.29850746268656714,-69.9321694383506,-29.050280136637372,0.0,0.3787878787878788,0.4393939393939394
2015-05-22,1.2699890000000096,-2.7899930000000097,-1.6100009999999827,-0.08999599999998509,4.7399899999999775,-0.13333299999999948,0.2066669999999995,-0.09333399999999957,0.013333999999999513,0.13999999999999968,0.03000000000000025,-0.07999999999999963,-0.11000000000000032,-0.0600000000000005,0.09000000000000075,0.34328358208955223,-58.65175471170792,-29.796090098957357,0.0,0.29850746268656714,0.3787878787878788
2015-05-26,2.1100009999999827,1.2699890000000096,-2.7899930000000097,-1.6100009999999827,-0.08999599999998509,0.09999999999999963,-0.13333299999999948,0.2066669999999995,-0.09333399999999957,0.013333999999999513,0.07999999999999963,0.03000000000000025,-0.07999999999999963,-0.11000000000000032,-0.0600000000000005,0.4444444444444444,-36.01994889505726,-28.584724118365337,0.0,0.39166666666666666,0.4909090909090909
2015-05-27,-0.2699890000000096,2.1100009999999827,1.2699890000000096,-2.7899930000000097,-1.6100009999999827,-0.05999999999999961,0.09999999999999963,-0.13333299999999948,0.2066669999999995,-0.09333399999999957,-0.2599999999999998,0.07999999999999963,0.03000000000000025,-0.07999999999999963,-0.11000000000000032,0.42857142857142855,-48.98363338423071,-36.34552637851111,0.0,0.4444444444444444,0.39166666666666666
2015-05-28,-0.030013999999965787,-0.2699890000000096,2.1100009999999827,1.2699890000000096,-2.7899930000000097,0.033332999999999835,-0.05999999999999961,0.09999999999999963,-0.13333299999999948,0.2066669999999995,-0.08000000000000007,-0.2599999999999998,0.07999999999999963,0.03000000000000025,-0.07999999999999963,0.4186046511627907,-46.220749138848966,-32.626732752031764,0.0,0.42857142857142855,0.4444444444444444
2015-05-29,4.020004,-0.030013999999965787,-0.2699890000000096,2.1100009999999827,1.2699890000000096,0.0066669999999993115,0.033332999999999835,-0.05999999999999961,0.09999999999999963,-0.13333299999999948,-0.08000000000000007,-0.08000000000000007,-0.2599999999999998,0.07999999999999963,0.03000000000000025,0.3246753246753247,-57.30833782062918,-27.15126880466604,0.0,0.4186046511627907,0.42857142857142855
2015-06-01,-0.6499940000000493,4.020004,-0.030013999999965787,-0.2699890000000096,2.1100009999999827,-0.05999999999999961,0.0066669999999993115,0.033332999999999835,-0.05999999999999961,0.09999999999999963,0.16999999999999993,-0.08000000000000007,-0.08000000000000007,-0.2599999999999998,0.07999999999999963,0.35294117647058826,-53.61858318842091,-28.79594527259996,0.0,0.38666666666666666,0.4035087719298245
2015-06-02,-1.3500059999999507,-0.6499940000000493,4.020004,-0.030013999999965787,-0.2699890000000096,0.08666600000000013,-0.05999999999999961,0.0066669999999993115,0.033332999999999835,-0.05999999999999961,-0.08999999999999986,0.16999999999999993,-0.08000000000000007,-0.08000000000000007,-0.2599999999999998,0.34328358208955223,-56.000271738975094,-28.70237338172861,0.0,0.35294117647058826,0.38666666666666666
2015-06-03,-1.099991000000017,-1.3500059999999507,-0.6499940000000493,4.020004,-0.030013999999965787,0.020000000000000462,0.08666600000000013,-0.05999999999999961,0.0066669999999993115,0.033332999999999835,0.3300000000000001,-0.08999999999999986,0.16999999999999993,-0.08000000000000007,-0.08000000000000007,0.4107142857142857,-48.50174218350682,-33.509450485132646,0.0,0.34328358208955223,0.35294117647058826
2015-06-04,0.6399989999999605,-1.099991000000017,-1.3500059999999507,-0.6499940000000493,4.020004,0.02666699999999977,0.020000000000000462,0.08666600000000013,-0.05999999999999961,0.0066669999999993115,-0.16000000000000014,0.3300000000000001,-0.08999999999999986,0.16999999999999993,-0.08000000000000007,0.4142857142857143,-45.45615560227301,-30.924937902239147,0.0,0.4107142857142857,0.34328358208955223
2015-06-05,-3.0700069999999755,0.6399989999999605,-1.099991000000017,-1.3500059999999507,-0.6499940000000493,-0.040000000000000036,0.02666699999999977,0.020000000000000462,0.08666600000000013,-0.05999999999999961,0.11000000000000032,-0.16000000000000014,0.3300000000000001,-0.08999999999999986,0.16999999999999993,0.36507936507936506,-53.617049336579846,-30.61669419039557,0.0,0.4142857142857143,0.4107142857142857
2015-06-08,3.2200010000000248,-3.0700069999999755,0.6399989999999605,-1.099991000000017,-1.3500059999999507,0.0,-0.040000000000000036,0.02666699999999977,0.020000000000000462,0.08666600000000013,0.20000000000000015,0.11000000000000032,-0.16000000000000014,0.3300000000000001,-0.08999999999999986,0.4375,-30.634865252764527,-23.76069634181881,0.0,0.4150943396226415,0.29508196721311475
2015-06-09,7.150009999999981,3.2200010000000248,-3.0700069999999755,0.6399989999999605,-1.099991000000017,-0.07333299999999987,0.0,-0.040000000000000036,0.02666699999999977,0.020000000000000462,-0.040000000000000036,0.20000000000000015,0.11000000000000032,-0.16000000000000014,0.3300000000000001,0.3673469387755102,-50.90559220627854,-28.95947262576009,0.0,0.4375,0.4150943396226415
2015-06-10,-0.2900089999999977,7.150009999999981,3.2200010000000248,-3.0700069999999755,0.6399989999999605,-0.0133340000000004,-0.07333299999999987,0.0,-0.040000000000000036,0.02666699999999977,-0.15000000000000036,-0.040000000000000036,0.20000000000000015,0.11000000000000032,-0.16000000000000014,0.4805194805194805,-31.435149941026978,-28.92126802991261,0.0,0.3673469387755102,0.4375
2015-06-11,-5.3000029999999745,-0.2900089999999977,7.150009999999981,3.2200010000000248,-3.0700069999999755,0.020000000000000462,-0.0133340000000004,-0.07333299999999987,0.0,-0.040000000000000036,0.040000000000000036,-0.15000000000000036,-0.040000000000000036,0.20000000000000015,0.11000000000000032,0.40540540540540543,-51.67233032594361,-34.97840280241861,0.0,0.4805194805194805,0.3673469387755102
2015-06-12,0.7100069999999903,-5.3000029999999745,-0.2900089999999977,7.150009999999981,3.2200010000000248,-0.01333300000000026,0.020000000000000462,-0.0133340000000004,-0.07333299999999987,0.0,0.009999999999999787,0.040000000000000036,-0.15000000000000036,-0.040000000000000036,0.20000000000000015,0.4459459459459459,-42.582159058948655,-33.576229797750806,0.0,0.40540540540540543,0.4805194805194805
2015-06-15,-0.7200020000000222,0.7100069999999903,-5.3000029999999745,-0.2900089999999977,7.150009999999981,-0.01333300000000026,-0.01333300000000026,0.020000000000000462,-0.0133340000000004,-0.07333299999999987,0.040000000000000036,0.009999999999999787,0.040000000000000036,-0.15000000000000036,-0.040000000000000036,0.4507042253521127,-47.32069871579253,-38.169425343558174,0.0,0.462962962962963,0.35
2015-06-16,-0.30999700000000985,-0.7200020000000222,0.7100069999999903,-5.3000029999999745,-0.2900089999999977,-0.10666699999999983,-0.01333300000000026,-0.01333300000000026,0.020000000000000462,-0.0133340000000004,0.03000000000000025,0.040000000000000036,0.009999999999999787,0.040000000000000036,-0.15000000000000036,0.5675675675675675,-31.19349224127913,-40.922936221502994,1.0,0.4507042253521127,0.462962962962963
2015-06-17,2.7399900000000343,-0.30999700000000985,-0.7200020000000222,0.7100069999999903,-5.3000029999999745,0.01333300000000026,-0.10666699999999983,-0.01333300000000026,-0.01333300000000026,0.020000000000000462,0.0,0.03000000000000025,0.040000000000000036,0.009999999999999787,0.040000000000000036,0.38461538461538464,-52.540438455452424,-32.17603733586461,0.0,0.5675675675675675,0.4507042253521127
2015-06-18,7.290008999999998,2.7399900000000343,-0.30999700000000985,-0.7200020000000222,0.7100069999999903,-0.09333300000000032,0.01333300000000026,-0.10666699999999983,-0.01333300000000026,-0.01333300000000026,-0.040000000000000036,0.0,0.03000000000000025,0.040000000000000036,0.009999999999999787,0.2727272727272727,-63.57486722924941,-23.357398664996552,0.0,0.38461538461538464,0.5675675675675675
2015-06-19,1.4800109999999904,7.290008999999998,2.7399900000000343,-0.30999700000000985,-0.7200020000000222,0.01333300000000026,-0.09333300000000032,0.01333300000000026,-0.10666699999999983,-0.01333300000000026,0.11000000000000032,-0.040000000000000036,0.0,0.03000000000000025,0.040000000000000036,0.4578313253012048,-40.90534142654106,-34.428079429470266,0.0,0.2727272727272727,0.38461538461538464
2015-06-22,0.6199950000000172,1.4800109999999904,7.290008999999998,2.7399900000000343,-0.30999700000000985,0.07333400000000001,0.01333300000000026,-0.09333300000000032,0.01333300000000026,-0.10666699999999983,-0.3000000000000003,0.11000000000000032,-0.040000000000000036,0.0,0.03000000000000025,0.3902439024390244,-46.389091692682065,-29.104605909376016,0.0,0.4363636363636363,0.5795454545454546
2015-06-23,-2.7200010000000248,0.6199950000000172,1.4800109999999904,7.290008999999998,2.7399900000000343,-0.07333400000000001,0.07333400000000001,0.01333300000000026,-0.09333300000000032,0.01333300000000026,0.029999999999999805,-0.3000000000000003,0.11000000000000032,-0.040000000000000036,0.0,0.4318181818181818,-44.13772503120437,-33.04353170506177,0.0,0.3902439024390244,0.4363636363636363
2015-06-24,7.880003999999985,-2.7200010000000248,0.6199950000000172,1.4800109999999904,7.290008999999998,0.09999999999999963,-0.07333400000000001,0.07333400000000001,0.01333300000000026,-0.09333300000000032,0.020000000000000014,0.029999999999999805,-0.3000000000000003,0.11000000000000032,-0.040000000000000036,0.3896103896103896,-49.8510929129016,-31.410039614700903,0.0,0.4318181818181818,0.3902439024390244
2015-06-25,-2.5,7.880003999999985,-2.7200010000000248,0.6199950000000172,1.4800109999999904,-0.053332999999999416,0.09999999999999963,-0.07333400000000001,0.07333400000000001,0.01333300000000026,0.0,0.020000000000000014,0.029999999999999805,-0.3000000000000003,0.11000000000000032,0.4712643678160919,-37.80460243637711,-33.379138948164794,0.0,0.3896103896103896,0.4318181818181818
2015-06-26,3.619996000000015,-2.5,7.880003999999985,-2.7200010000000248,0.6199950000000172,0.11999999999999922,-0.053332999999999416,0.09999999999999963,-0.07333400000000001,0.07333400000000001,0.18000000000000016,0.0,0.020000000000000014,0.029999999999999805,-0.3000000000000003,0.3283582089552239,-66.78813851617666,-31.6285081249993,0.0,0.4712643678160919,0.3896103896103896
2015-06-29,-1.7000130000000129,3.619996000000015,-2.5,7.880003999999985,-2.7200010000000248,0.033333000000000716,0.11999999999999922,-0.053332999999999416,0.09999999999999963,-0.07333400000000001,0.08999999999999986,0.18000000000000016,0.0,0.020000000000000014,0.029999999999999805,0.3979591836734694,-41.016775234279926,-26.919278234385587,0.0,0.3661971830985916,0.5
2015-06-30,-5.070006999999976,-1.7000130000000129,3.619996000000015,-2.5,7.880003999999985,-0.16000000000000014,0.033333000000000716,0.11999999999999922,-0.053332999999999416,0.09999999999999963,-0.13999999999999968,0.08999999999999986,0.18000000000000016,0.0,0.020000000000000014,0.4225352112676056,-48.8276885579785,-35.23060346771478,0.0,0.3979591836734694,0.3661971830985916
2015-07-01,6.240021000000013,-5.070006999999976,-1.7000130000000129,3.619996000000015,-2.5,0.05333399999999955,-0.16000000000000014,0.033333000000000716,0.11999999999999922,-0.053332999999999416,-0.020000000000000462,-0.13999999999999968,0.08999999999999986,0.18000000000000016,0.0,0.38235294117647056,-44.56398164943735,-27.00950146775539,0.0,0.4225352112676056,0.3979591836734694
2015-07-02,0.8899839999999699,6.240021000000013,-5.070006999999976,-1.7000130000000129,3.619996000000015,0.08666600000000013,0.05333399999999955,-0.16000000000000014,0.033333000000000716,0.11999999999999922,0.11000000000000032,-0.020000000000000462,-0.13999999999999968,0.08999999999999986,0.18000000000000016,0.40425531914893614,-42.05208830521328,-28.124440481225925,0.0,0.38235294117647056,0.4225352112676056
2015-07-06,10.869995000000017,0.8899839999999699,6.240021000000013,-5.070006999999976,-1.7000130000000129,0.07333400000000001,0.08666600000000013,0.05333399999999955,-0.16000000000000014,0.033333000000000716,0.08999999999999986,0.11000000000000032,-0.020000000000000462,-0.13999999999999968,0.08999999999999986,0.4883720930232558,-38.39875059733129,-36.86112035702699,0.0,0.4736842105263158,0.5625
2015-07-07,-0.2999880000000417,10.869995000000017,0.8899839999999699,6.240021000000013,-5.070006999999976,-0.05999999999999961,0.07333400000000001,0.08666600000000013,0.05333399999999955,-0.16000000000000014,-0.09999999999999963,0.08999999999999986,0.11000000000000032,-0.020000000000000462,-0.13999999999999968,0.3863636363636364,-48.44421843693363,-30.224368073196892,0.0,0.4883720930232558,0.4736842105263158
2015-07-08,-11.839995999999983,-0.2999880000000417,10.869995000000017,0.8899839999999699,6.240021000000013,0.06666599999999967,-0.05999999999999961,0.07333400000000001,0.08666600000000013,0.05333399999999955,-0.09000000000000075,-0.09999999999999963,0.08999999999999986,0.11000000000000032,-0.020000000000000462,0.4507042253521127,-38.081025923275796,-31.646789237942446,0.0,0.3863636363636364,0.4883720930232558
2015-07-09,-12.919997999999993,-11.839995999999983,-0.2999880000000417,10.869995000000017,0.8899839999999699,-0.046666000000000096,0.06666599999999967,-0.05999999999999961,0.07333400000000001,0.08666600000000013,0.040000000000000036,-0.09000000000000075,-0.09999999999999963,0.08999999999999986,0.11000000000000032,0.4264705882352941,-43.2374750199379,-31.584452268796056,0.0,0.4507042253521127,0.3863636363636364
2015-07-10,2.9600059999999933,-12.919997999999993,-11.839995999999983,-0.2999880000000417,10.869995000000017,0.006666000000000061,-0.046666000000000096,0.06666599999999967,-0.05999999999999961,0.07333400000000001,0.08000000000000007,0.040000000000000036,-0.09000000000000075,-0.09999999999999963,0.08999999999999986,0.5625,-27.53136068586455,-35.54496091900175,1.0,0.4264705882352941,0.4507042253521127
2015-07-13,1.229981000000009,2.9600059999999933,-12.919997999999993,-11.839995999999983,-0.2999880000000417,0.02666699999999977,0.006666000000000061,-0.046666000000000096,0.06666599999999967,-0.05999999999999961,0.2700000000000005,0.08000000000000007,0.040000000000000036,-0.09000000000000075,-0.09999999999999963,0.573170731707317,-36.000612494907266,-48.74820665787399,1.0,0.6260162601626016,0.5645161290322581
2015-07-14,3.0100100000000225,1.229981000000009,2.9600059999999933,-12.919997999999993,-11.839995999999983,0.10000000000000052,0.02666699999999977,0.006666000000000061,-0.046666000000000096,0.06666599999999967,0.0699999999999994,0.2700000000000005,0.08000000000000007,0.040000000000000036,-0.09000000000000075,0.476923076923077,-37.11530414086438,-33.894135824007826,0.0,0.573170731707317,0.6260162601626016
2015-07-15,3.489989999999977,3.0100100000000225,1.229981000000009,2.9600059999999933,-12.919997999999993,-0.013333999999999513,0.10000000000000052,0.02666699999999977,0.006666000000000061,-0.046666000000000096,-0.009999999999999787,0.0699999999999994,0.2700000000000005,0.08000000000000007,0.040000000000000036,0.5875,-31.397582681570306,-44.93996506386093,1.0,0.476923076923077,0.573170731707317
2015-07-16,-2.509978999999987,3.489989999999977,3.0100100000000225,1.229981000000009,2.9600059999999933,0.040000000000000036,-0.013333999999999513,0.10000000000000052,0.02666699999999977,0.006666000000000061,-0.049999999999999815,-0.009999999999999787,0.0699999999999994,0.2700000000000005,0.08000000000000007,0.4305555555555556,-48.627113026366274,-36.424672364369,0.0,0.5875,0.476923076923077
2015-07-17,3.5399780000000183,-2.509978999999987,3.489989999999977,3.0100100000000225,1.229981000000009,-0.08666600000000102,0.040000000000000036,-0.013333999999999513,0.10000000000000052,0.02666699999999977,0.040000000000000036,-0.049999999999999815,-0.009999999999999787,0.0699999999999994,0.2700000000000005,0.4878048780487805,-40.8209521354455,-38.369917608611004,0.0,0.4305555555555556,0.5875
2015-07-20,7.98001099999999,3.5399780000000183,-2.509978999999987,3.489989999999977,3.0100100000000225,-0.05999999999999961,-0.08666600000000102,0.040000000000000036,-0.013333999999999513,0.10000000000000052,-0.17999999999999972,0.040000000000000036,-0.049999999999999815,-0.009999999999999787,0.0699999999999994,0.4657534246575342,-43.807929255496155,-38.05836705441098,0.0,0.6350710900473934,0.36
2015-07-21,7.6000060000000085,7.98001099999999,3.5399780000000183,-2.509978999999987,3.489989999999977,0.13333300000000034,-0.05999999999999961,-0.08666600000000102,0.040000000000000036,-0.013333999999999513,-0.010000000000000677,-0.17999999999999972,0.040000000000000036,-0.049999999999999815,-0.009999999999999787,0.5535714285714286,-33.410814743828794,-41.37949414903441,1.0,0.4657534246575342,0.6350710900473934
2015-07-22,-15.490021000000011,7.6000060000000085,7.98001099999999,3.5399780000000183,-2.509978999999987,-0.1133330000000008,0.13333300000000034,-0.05999999999999961,-0.08666600000000102,0.040000000000000036,-0.040000000000000036,-0.010000000000000677,-0.17999999999999972,0.040000000000000036,-0.049999999999999815,0.4492753623188406,-45.100859344726715,-36.778679797375844,0.0,0.5535714285714286,0.4657534246575342
2015-07-23,1.1000060000000076,-15.490021000000011,7.6000060000000085,7.98001099999999,3.5399780000000183,-0.0066669999999993115,-0.1133330000000008,0.13333300000000034,-0.05999999999999961,-0.08666600000000102,0.08000000000000007,-0.040000000000000036,-0.010000000000000677,-0.17999999999999972,0.040000000000000036,0.5617977528089888,-29.42367663271878,-37.874951785002295,1.0,0.4492753623188406,0.5535714285714286
2015-07-24,-0.6699830000000021,1.1000060000000076,-15.490021000000011,7.6000060000000085,7.98001099999999,-0.1133329999999999,-0.0066669999999993115,-0.1133330000000008,0.13333300000000034,-0.05999999999999961,-0.14999999999999947,0.08000000000000007,-0.040000000000000036,-0.010000000000000677,-0.17999999999999972,0.32,-59.2494766063816,-27.15143083045518,0.0,0.5617977528089888,0.4492753623188406
2015-07-27,-1.7900080000000005,-0.6699830000000021,1.1000060000000076,-15.490021000000011,7.6000060000000085,-0.0533330000000003,-0.1133329999999999,-0.0066669999999993115,-0.1133330000000008,0.13333300000000034,-0.040000000000000036,-0.14999999999999947,0.08000000000000007,-0.040000000000000036,-0.010000000000000677,0.4444444444444444,-41.88522127949288,-33.53318547788668,0.0,0.42105263157894735,0.4
2015-07-28,-12.400008999999983,-1.7900080000000005,-0.6699830000000021,1.1000060000000076,-15.490021000000011,0.033332999999999835,-0.0533330000000003,-0.1133329999999999,-0.0066669999999993115,-0.1133330000000008,0.10999999999999943,-0.040000000000000036,-0.14999999999999947,0.08000000000000007,-0.040000000000000036,0.4838709677419355,-42.370250289959735,-39.67613653674884,0.0,0.4444444444444444,0.42105263157894735
2015-07-29,11.810011999999945,-12.400008999999983,-1.7900080000000005,-0.6699830000000021,1.1000060000000076,-0.02666699999999977,0.033332999999999835,-0.0533330000000003,-0.1133329999999999,-0.0066669999999993115,0.020000000000000462,0.10999999999999943,-0.040000000000000036,-0.14999999999999947,0.08000000000000007,0.4444444444444444,-42.874486873124155,-33.92792746353703,0.0,0.4838709677419355,0.4444444444444444
2015-07-30,-1.0,11.810011999999945,-12.400008999999983,-1.7900080000000005,-0.6699830000000021,-0.05999999999999961,-0.02666699999999977,0.033332999999999835,-0.0533330000000003,-0.1133329999999999,-0.049999999999999815,0.020000000000000462,0.10999999999999943,-0.040000000000000036,-0.14999999999999947,0.4545454545454545,-50.961411451143796,-42.3273346453598,0.0,0.4444444444444444,0.4838709677419355
2015-07-31,2.9700020000000222,-1.0,11.810011999999945,-12.400008999999983,-1.7900080000000005,0.01999999999999957,-0.05999999999999961,-0.02666699999999977,0.033332999999999835,-0.0533330000000003,-0.040000000000000036,-0.049999999999999815,0.020000000000000462,0.10999999999999943,-0.040000000000000036,0.5392156862745098,-42.86125060491218,-50.471395366434386,1.0,0.4545454545454545,0.4444444444444444
2015-08-03,-0.6400150000000053,2.9700020000000222,-1.0,11.810011999999945,-12.400008999999983,0.0,0.01999999999999957,-0.05999999999999961,-0.02666699999999977,0.033332999999999835,-0.0600000000000005,-0.040000000000000036,-0.049999999999999815,0.020000000000000462,0.10999999999999943,0.4423076923076923,-37.315360777211296,-29.429695889585705,0.0,0.48,0.4594594594594595
2015-08-04,-6.160004000000014,-0.6400150000000053,2.9700020000000222,-1.0,11.810011999999945,0.013333999999999513,0.0,0.01999999999999957,-0.05999999999999961,-0.02666699999999977,-0.01999999999999957,-0.0600000000000005,-0.040000000000000036,-0.049999999999999815,0.020000000000000462,0.44,-46.15912607404307,-36.408741285599476,0.0,0.4423076923076923,0.48
2015-08-05,6.290009000000055,-6.160004000000014,-0.6400150000000053,2.9700020000000222,-1.0,-0.03333399999999909,0.013333999999999513,0.0,0.01999999999999957,-0.05999999999999961,-0.040000000000000036,-0.01999999999999957,-0.0600000000000005,-0.040000000000000036,-0.049999999999999815,0.5166666666666667,-36.6828199980083,-38.60887300307601,1.0,0.44,0.4423076923076923
2015-08-06,3.850005999999951,6.290009000000055,-6.160004000000014,-0.6400150000000053,2.9700020000000222,-0.04666600000000098,-0.03333399999999909,0.013333999999999513,0.0,0.01999999999999957,0.11000000000000032,-0.040000000000000036,-0.01999999999999957,-0.0600000000000005,-0.040000000000000036,0.40540540540540543,-53.71939101021007,-36.131317831534815,0.0,0.5166666666666667,0.44
2015-08-07,-24.0,3.850005999999951,6.290009000000055,-6.160004000000014,-0.6400150000000053,0.13333300000000034,-0.04666600000000098,-0.03333399999999909,0.013333999999999513,0.0,0.14999999999999947,0.11000000000000032,-0.040000000000000036,-0.01999999999999957,-0.0600000000000005,0.30463576158940403,-63.63083177607791,-27.12996628320757,0.0,0.40540540540540543,0.5166666666666667
2015-08-10,-3.6200099999999513,-24.0,3.850005999999951,6.290009000000055,-6.160004000000014,-0.1733330000000004,0.13333300000000034,-0.04666600000000098,-0.03333399999999909,0.013333999999999513,-0.05999999999999961,0.14999999999999947,0.11000000000000032,-0.040000000000000036,-0.01999999999999957,0.41791044776119396,-46.028740985661365,-32.4808129554565,0.0,0.35064935064935066,0.3727272727272728
2015-08-11,-1.3699960000000146,-3.6200099999999513,-24.0,3.850005999999951,6.290009000000055,0.14000000000000054,-0.1733330000000004,0.13333300000000034,-0.04666600000000098,-0.03333399999999909,-0.07000000000000027,-0.05999999999999961,0.14999999999999947,0.11000000000000032,-0.040000000000000036,0.36781609195402293,-59.07019283080737,-33.802672248658034,0.0,0.41791044776119396,0.35064935064935066
2015-08-12,-3.770004,-1.3699960000000146,-3.6200099999999513,-24.0,3.850005999999951,-0.05333399999999955,0.14000000000000054,-0.1733330000000004,0.13333300000000034,-0.04666600000000098,-0.16999999999999993,-0.07000000000000027,-0.05999999999999961,0.14999999999999947,0.11000000000000032,0.3428571428571429,-59.76762587870356,-30.424635142190127,0.0,0.36781609195402293,0.41791044776119396
2015-08-13,0.8000029999999754,-3.770004,-1.3699960000000146,-3.6200099999999513,-24.0,-0.09999900000000128,-0.05333399999999955,0.14000000000000054,-0.1733330000000004,0.13333300000000034,0.08000000000000007,-0.16999999999999993,-0.07000000000000027,-0.05999999999999961,0.14999999999999947,0.4558823529411765,-38.6221114525987,-31.795897177390767,0.0,0.3428571428571429,0.36781609195402293
2015-08-14,4.3399970000000385,0.8000029999999754,-3.770004,-1.3699960000000146,-3.6200099999999513,0.08666600000000102,-0.09999900000000128,-0.05333399999999955,0.14000000000000054,-0.1733330000000004,-0.03000000000000025,0.08000000000000007,-0.16999999999999993,-0.07000000000000027,-0.05999999999999961,0.410958904109589,-50.952294129500686,-34.86690233544054,0.0,0.4558823529411765,0.3428571428571429
2015-08-17,0.6399989999999605,4.3399970000000385,0.8000029999999754,-3.770004,-1.3699960000000146,0.02666699999999977,0.08666600000000102,-0.09999900000000128,-0.05333399999999955,0.14000000000000054,-0.040000000000000036,-0.03000000000000025,0.08000000000000007,-0.16999999999999993,-0.07000000000000027,0.3442622950819672,-55.99975210960717,-28.659595251364358,0.0,0.5609756097560976,0.3894736842105263
2015-08-18,11.840010999999974,0.6399989999999605,4.3399970000000385,0.8000029999999754,-3.770004,-0.08666700000000027,0.02666699999999977,0.08666600000000102,-0.09999900000000128,-0.05333399999999955,0.009999999999999787,-0.040000000000000036,-0.03000000000000025,0.08000000000000007,-0.16999999999999993,0.5733333333333334,-33.81814193519432,-45.42339060925705,1.0,0.3442622950819672,0.5609756097560976
2015-08-19,5.729996,11.840010999999974,0.6399989999999605,4.3399970000000385,0.8000029999999754,0.013333999999999513,-0.08666700000000027,0.02666699999999977,0.08666600000000102,-0.09999900000000128,0.040000000000000036,0.009999999999999787,-0.040000000000000036,-0.03000000000000025,0.08000000000000007,0.4857142857142857,-38.55148190922253,-36.076045866685405,0.0,0.5733333333333334,0.3442622950819672
2015-08-20,-5.470000999999968,5.729996,11.840010999999974,0.6399989999999605,4.3399970000000385,-0.0066669999999993115,0.013333999999999513,-0.08666700000000027,0.02666699999999977,0.08666600000000102,0.040000000000000036,0.040000000000000036,0.009999999999999787,-0.040000000000000036,-0.03000000000000025,0.39325842696629215,-56.52054450702864,-36.22116458626544,0.0,0.4857142857142857,0.5733333333333334
2015-08-21,-13.070006999999974,-5.470000999999968,5.729996,11.840010999999974,0.6399989999999605,0.0533330000000003,-0.0066669999999993115,0.013333999999999513,-0.08666700000000027,0.02666699999999977,-0.040000000000000036,0.040000000000000036,0.040000000000000036,0.009999999999999787,-0.040000000000000036,0.3009708737864077,-76.01699036916581,-31.94140006687205,0.0,0.39325842696629215,0.4857142857142857
2015-08-24,-11.409989000000026,-13.070006999999974,-5.470000999999968,5.729996,11.840010999999974,-0.09333300000000032,0.0533330000000003,-0.0066669999999993115,0.013333999999999513,-0.08666700000000027,0.15000000000000036,-0.040000000000000036,0.040000000000000036,0.040000000000000036,0.009999999999999787,0.4324324324324325,-41.40566460472804,-31.427599667413197,0.0,0.3934426229508197,0.4747474747474748
2015-08-25,-11.900008999999983,-11.409989000000026,-13.070006999999974,-5.470000999999968,5.729996,-0.033333999999999975,-0.09333300000000032,0.0533330000000003,-0.0066669999999993115,0.013333999999999513,0.03000000000000025,0.15000000000000036,-0.040000000000000036,0.040000000000000036,0.040000000000000036,0.35064935064935066,-55.7288819107149,-29.720973674665327,0.0,0.4324324324324325,0.3934426229508197
2015-08-26,1.160004000000015,-11.900008999999983,-11.409989000000026,-13.070006999999974,-5.470000999999968,-0.06666600000000056,-0.033333999999999975,-0.09333300000000032,0.0533330000000003,-0.0066669999999993115,-0.010000000000000677,0.03000000000000025,0.15000000000000036,-0.040000000000000036,0.040000000000000036,0.3888888888888889,-47.68128874086491,-29.95287080381095,0.0,0.35064935064935066,0.4324324324324325
2015-08-27,4.809996999999953,1.160004000000015,-11.900008999999983,-11.409989000000026,-13.070006999999974,0.026666000000000526,-0.06666600000000056,-0.033333999999999975,-0.09333300000000032,0.0533330000000003,0.040000000000000036,-0.010000000000000677,0.03000000000000025,0.15000000000000036,-0.040000000000000036,0.323943661971831,-57.11529933390027,-26.923311481778175,0.0,0.3888888888888889,0.35064935064935066
2015-08-28,18.150008999999983,4.809996999999953,1.160004000000015,-11.900008999999983,-11.409989000000026,-0.0066669999999993115,0.026666000000000526,-0.06666600000000056,-0.033333999999999975,-0.09333300000000032,0.040000000000000036,0.040000000000000036,-0.010000000000000677,0.03000000000000025,0.15000000000000036,0.3978494623655914,-54.77811448719561,-35.69268031074336,0.0,0.323943661971831,0.3888888888888889
2015-08-31,5.489991000000032,18.150008999999983,4.809996999999953,1.160004000000015,-11.900008999999983,-0.07999900000000082,-0.0066669999999993115,0.026666000000000526,-0.06666600000000056,-0.033333999999999975,0.0,0.040000000000000036,0.040000000000000036,-0.010000000000000677,0.03000000000000025,0.3620689655172414,-46.174699053970535,-25.61839046820875,0.0,0.472972972972973,0.4044943820224719
2015-09-01,0.5800020000000075,5.489991000000032,18.150008999999983,4.809996999999953,1.160004000000015,-0.046667000000000236,-0.07999900000000082,-0.0066669999999993115,0.026666000000000526,-0.06666600000000056,-0.01999999999999957,0.0,0.040000000000000036,0.040000000000000036,-0.010000000000000677,0.490566037735849,-37.87689519774789,-37.141340799331296,0.0,0.3620689655172414,0.472972972972973
2015-09-02,-10.429993000000024,0.5800020000000075,5.489991000000032,18.150008999999983,4.809996999999953,-0.013332999999999371,-0.046667000000000236,-0.07999900000000082,-0.0066669999999993115,0.026666000000000526,-0.16999999999999993,-0.01999999999999957,0.0,0.040000000000000036,0.040000000000000036,0.4945054945054945,-43.170386265563344,-42.242517510466364,0.0,0.490566037735849,0.3620689655172414
2015-09-03,9.05999700000001,-10.429993000000024,0.5800020000000075,5.489991000000032,18.150008999999983,-0.033333999999999975,-0.013332999999999371,-0.046667000000000236,-0.07999900000000082,-0.0066669999999993115,-0.03000000000000025,-0.16999999999999993,-0.01999999999999957,0.0,0.040000000000000036,0.392156862745098,-58.83748313067618,-37.50333652027165,0.0,0.4945054945054945,0.490566037735849
2015-09-04,-2.119995000000017,9.05999700000001,-10.429993000000024,0.5800020000000075,5.489991000000032,0.01999999999999957,-0.033333999999999975,-0.013332999999999371,-0.046667000000000236,-0.07999900000000082,0.15000000000000036,-0.03000000000000025,-0.16999999999999993,-0.01999999999999957,0.0,0.3953488372093023,-54.838787778007145,-35.5728657445751,0.0,0.392156862745098,0.4945054945054945
2015-09-08,-3.640013999999951,-2.119995000000017,9.05999700000001,-10.429993000000024,0.5800020000000075,0.05333399999999955,0.01999999999999957,-0.033333999999999975,-0.013332999999999371,-0.046667000000000236,0.0699999999999994,0.15000000000000036,-0.03000000000000025,-0.16999999999999993,-0.01999999999999957,0.3728813559322034,-59.081342408418465,-34.377802726067024,0.0,0.38,0.37681159420289856
2015-09-09,6.240004999999968,-3.640013999999951,-2.119995000000017,9.05999700000001,-10.429993000000024,-0.08666699999999937,0.05333399999999955,0.01999999999999957,-0.033333999999999975,-0.013332999999999371,0.1200000000000001,0.0699999999999994,0.15000000000000036,-0.03000000000000025,-0.16999999999999993,0.4313725490196079,-48.295307549720384,-36.50020890943652,0.0,0.3728813559322034,0.38
2015-09-10,0.7400060000000224,6.240004999999968,-3.640013999999951,-2.119995000000017,9.05999700000001,0.040000000000000036,-0.08666699999999937,0.05333399999999955,0.01999999999999957,-0.033333999999999975,-0.08000000000000007,0.1200000000000001,0.0699999999999994,0.15000000000000036,-0.03000000000000025,0.4090909090909091,-44.031672641182794,-29.73033330025279,0.0,0.4313725490196079,0.3728813559322034
2015-09-11,-0.43000800000001504,0.7400060000000224,6.240004999999968,-3.640013999999951,-2.119995000000017,-0.0066670000000002005,0.040000000000000036,-0.08666699999999937,0.05333399999999955,0.01999999999999957,-0.05999999999999961,-0.08000000000000007,0.1200000000000001,0.0699999999999994,0.15000000000000036,0.3409090909090909,-54.10479681328137,-27.779781441857587,0.0,0.4090909090909091,0.4313725490196079
2015-09-14,1.7600089999999682,-0.43000800000001504,0.7400060000000224,6.240004999999968,-3.640013999999951,0.06666699999999981,-0.0066670000000002005,0.040000000000000036,-0.08666699999999937,0.05333399999999955,0.03000000000000025,-0.05999999999999961,-0.08000000000000007,0.1200000000000001,0.0699999999999994,0.34545454545454546,-57.795525093544036,-30.16920949989729,0.0,0.4915254237288136,0.4117647058823529
2015-09-15,2.9499970000000246,1.7600089999999682,-0.43000800000001504,0.7400060000000224,6.240004999999968,0.0,0.06666699999999981,-0.0066670000000002005,0.040000000000000036,-0.08666699999999937,-0.05000000000000071,0.03000000000000025,-0.05999999999999961,-0.08000000000000007,0.1200000000000001,0.42028985507246375,-46.699459105637025,-33.102453024778946,0.0,0.34545454545454546,0.4915254237288136
2015-09-16,0.3800049999999828,2.9499970000000246,1.7600089999999682,-0.43000800000001504,0.7400060000000224,-0.06666699999999981,0.0,0.06666699999999981,-0.0066670000000002005,0.040000000000000036,0.03000000000000025,-0.05000000000000071,0.03000000000000025,-0.05999999999999961,-0.08000000000000007,0.3972602739726027,-62.531885815547476,-40.74029846495689,0.0,0.42028985507246375,0.34545454545454546
2015-09-17,8.679993000000024,0.3800049999999828,2.9499970000000246,1.7600089999999682,-0.43000800000001504,0.0600000000000005,-0.06666699999999981,0.0,0.06666699999999981,-0.0066670000000002005,-0.08000000000000007,0.03000000000000025,-0.05000000000000071,0.03000000000000025,-0.05999999999999961,0.3804347826086957,-58.62365591300701,-35.621557607182844,0.0,0.3972602739726027,0.42028985507246375
2015-09-18,-0.1799930000000245,8.679993000000024,0.3800049999999828,2.9499970000000246,1.7600089999999682,-0.026666000000000526,0.0600000000000005,-0.06666699999999981,0.0,0.06666699999999981,0.10000000000000052,-0.08000000000000007,0.03000000000000025,-0.05000000000000071,0.03000000000000025,0.5,-38.23840277769792,-38.34173208775389,0.0,0.3804347826086957,0.3972602739726027
2015-09-21,-1.4500119999999583,-0.1799930000000245,8.679993000000024,0.3800049999999828,2.9499970000000246,0.033332999999999835,-0.026666000000000526,0.0600000000000005,-0.06666699999999981,0.0,0.1200000000000001,0.10000000000000052,-0.08000000000000007,0.03000000000000025,-0.05000000000000071,0.4936708860759494,-30.218932776235963,-29.86966158879207,0.0,0.48,0.5066666666666667
2015-09-22,3.580016999999998,-1.4500119999999583,-0.1799930000000245,8.679993000000024,0.3800049999999828,-0.07333299999999987,0.033332999999999835,-0.026666000000000526,0.0600000000000005,-0.06666699999999981,-0.2700000000000005,0.1200000000000001,0.10000000000000052,-0.08000000000000007,0.03000000000000025,0.4166666666666667,-45.51758997339528,-32.15569651054596,0.0,0.4936708860759494,0.48
2015-09-23,-3.2600100000000225,3.580016999999998,-1.4500119999999583,-0.1799930000000245,8.679993000000024,-0.06666699999999981,-0.07333299999999987,0.033332999999999835,-0.026666000000000526,0.0600000000000005,0.020000000000000462,-0.2700000000000005,0.1200000000000001,0.10000000000000052,-0.08000000000000007,0.4024390243902439,-51.69916954894603,-34.106284085614845,0.0,0.4166666666666667,0.4936708860759494
2015-09-24,0.11999600000001465,-3.2600100000000225,3.580016999999998,-1.4500119999999583,-0.1799930000000245,-0.01999999999999957,-0.06666699999999981,-0.07333299999999987,0.033332999999999835,-0.026666000000000526,0.10999999999999943,0.020000000000000462,-0.2700000000000005,0.1200000000000001,0.10000000000000052,0.463768115942029,-39.07735669091817,-33.495426289262554,0.0,0.4024390243902439,0.4166666666666667
2015-09-25,2.0599970000000103,0.11999600000001465,-3.2600100000000225,3.580016999999998,-1.4500119999999583,0.01999999999999957,-0.01999999999999957,-0.06666699999999981,-0.07333299999999987,0.033332999999999835,-0.049999999999999815,0.10999999999999943,0.020000000000000462,-0.2700000000000005,0.1200000000000001,0.4153846153846154,-43.69401135895436,-30.135599697592248,0.0,0.463768115942029,0.4024390243902439
2015-09-28,-6.209991000000002,2.0599970000000103,0.11999600000001465,-3.2600100000000225,3.580016999999998,0.040000000000000036,0.01999999999999957,-0.01999999999999957,-0.06666699999999981,-0.07333299999999987,-0.009999999999999787,-0.049999999999999815,0.10999999999999943,0.020000000000000462,-0.2700000000000005,0.4430379746835443,-45.79819712685431,-36.23395780097147,0.0,0.3809523809523809,0.4266666666666667
2015-09-29,-8.48001099999999,-6.209991000000002,2.0599970000000103,0.11999600000001465,-3.2600100000000225,-0.01333300000000026,0.040000000000000036,0.01999999999999957,-0.01999999999999957,-0.06666699999999981,-0.22000000000000064,-0.009999999999999787,-0.049999999999999815,0.10999999999999943,0.020000000000000462,0.5131578947368421,-38.86561033382157,-40.71414260850899,1.0,0.4430379746835443,0.3809523809523809
2015-09-30,-1.7799990000000319,-8.48001099999999,-6.209991000000002,2.0599970000000103,0.11999600000001465,-0.0066669999999993115,-0.01333300000000026,0.040000000000000036,0.01999999999999957,-0.01999999999999957,0.2600000000000007,-0.22000000000000064,-0.009999999999999787,-0.049999999999999815,0.10999999999999943,0.4471544715447153,-46.74884027590147,-37.77001013101921,0.0,0.5131578947368421,0.4430379746835443
2015-10-01,1.75,-1.7799990000000319,-8.48001099999999,-6.209991000000002,2.0599970000000103,0.04666699999999935,-0.0066669999999993115,-0.01333300000000026,0.040000000000000036,0.01999999999999957,0.08999999999999986,0.2600000000000007,-0.22000000000000064,-0.009999999999999787,-0.049999999999999815,0.409982174688057,-46.862733823507355,-32.231900020280406,0.0,0.4471544715447153,0.5131578947368421
2015-10-02,-8.51998900000001,1.75,-1.7799990000000319,-8.48001099999999,-6.209991000000002,0.09999999999999963,0.04666699999999935,-0.0066669999999993115,-0.01333300000000026,0.040000000000000036,-0.25,0.08999999999999986,0.2600000000000007,-0.22000000000000064,-0.009999999999999787,0.42857142857142855,-45.102262734749104,-33.50258733482472,0.0,0.409982174688057,0.4471544715447153
2015-10-05,7.690001999999992,-8.51998900000001,1.75,-1.7799990000000319,-8.48001099999999,0.040000000000000036,0.09999999999999963,0.04666699999999935,-0.0066669999999993115,-0.01333300000000026,0.049999999999999815,-0.25,0.08999999999999986,0.2600000000000007,-0.22000000000000064,0.4,-51.41701641364124,-33.79456959293189,0.0,0.4431818181818182,0.3373493975903614
2015-10-06,-1.420012999999983,7.690001999999992,-8.51998900000001,1.75,-1.7799990000000319,0.033333000000000716,0.040000000000000036,0.09999999999999963,0.04666699999999935,-0.0066669999999993115,0.0,0.049999999999999815,-0.25,0.08999999999999986,0.2600000000000007,0.4383561643835616,-45.035311091441976,-34.77977677204544,0.0,0.4,0.4431818181818182
2015-10-07,-4.689987000000002,-1.420012999999983,7.690001999999992,-8.51998900000001,1.75,0.09333399999999957,0.033333000000000716,0.040000000000000036,0.09999999999999963,0.04666699999999935,0.17999999999999972,0.0,0.049999999999999815,-0.25,0.08999999999999986,0.4392523364485981,-47.60284092385756,-37.11537149537924,0.0,0.4383561643835616,0.4
2015-10-08,-9.5,-4.689987000000002,-1.420012999999983,7.690001999999992,-8.51998900000001,-0.09333399999999957,0.09333399999999957,0.033333000000000716,0.040000000000000036,0.09999999999999963,-0.2599999999999998,0.17999999999999972,0.0,0.049999999999999815,-0.25,0.4787234042553192,-45.582417452094155,-41.90988957498529,0.0,0.4392523364485981,0.4383561643835616
2015-10-09,-5.2400060000000215,-9.5,-4.689987000000002,-1.420012999999983,7.690001999999992,0.0,-0.09333399999999957,0.09333399999999957,0.033333000000000716,0.040000000000000036,-0.1299999999999999,-0.2599999999999998,0.17999999999999972,0.0,0.049999999999999815,0.4225352112676056,-49.887598997362005,-35.87741984031901,0.0,0.4787234042553192,0.4392523364485981
2015-10-12,-6.029998999999975,-5.2400060000000215,-9.5,-4.689987000000002,-1.420012999999983,0.13333300000000034,0.0,-0.09333399999999957,0.09333399999999957,0.033333000000000716,0.28000000000000025,-0.1299999999999999,-0.2599999999999998,0.17999999999999972,0.0,0.421875,-52.89760243698525,-37.85485077017931,0.0,0.42857142857142855,0.2524271844660194
2015-10-13,-5.109999999999985,-6.029998999999975,-5.2400060000000215,-9.5,-4.689987000000002,0.02666699999999977,0.13333300000000034,0.0,-0.09333399999999957,0.09333399999999957,0.08000000000000007,0.28000000000000025,-0.1299999999999999,-0.2599999999999998,0.17999999999999972,0.34831460674157305,-54.63836577317432,-28.94240083894337,0.0,0.421875,0.42857142857142855
2015-10-14,3.669997999999993,-5.109999999999985,-6.029998999999975,-5.2400060000000215,-9.5,0.2066669999999995,0.02666699999999977,0.13333300000000034,0.0,-0.09333399999999957,-0.08000000000000007,0.08000000000000007,0.28000000000000025,-0.1299999999999999,-0.2599999999999998,0.4137931034482759,-53.48686156295054,-37.45930380277129,0.0,0.34831460674157305,0.421875
2015-10-15,-2.369995000000017,3.669997999999993,-5.109999999999985,-6.029998999999975,-5.2400060000000215,0.006666000000000061,0.2066669999999995,0.02666699999999977,0.13333300000000034,0.0,-0.1200000000000001,-0.08000000000000007,0.08000000000000007,0.28000000000000025,-0.1299999999999999,0.4117647058823529,-52.00592148482853,-35.898906698396935,0.0,0.4137931034482759,0.34831460674157305
2015-10-16,4.4299930000000245,-2.369995000000017,3.669997999999993,-5.109999999999985,-6.029998999999975,0.040000000000000036,0.006666000000000061,0.2066669999999995,0.02666699999999977,0.13333300000000034,0.22999999999999954,-0.1200000000000001,-0.08000000000000007,0.08000000000000007,0.28000000000000025,0.30656934306569344,-69.73400993777916,-30.37299877165153,0.0,0.4117647058823529,0.4137931034482759
2015-10-19,5.699997000000025,4.4299930000000245,-2.369995000000017,3.669997999999993,-5.109999999999985,0.020000000000000462,0.040000000000000036,0.006666000000000061,0.2066669999999995,0.02666699999999977,0.0,0.22999999999999954,-0.1200000000000001,-0.08000000000000007,0.08000000000000007,0.4078947368421053,-50.712000286920826,-34.7006329188177,0.0,0.35185185185185186,0.4215686274509804
2015-10-20,1.0900109999999756,5.699997000000025,4.4299930000000245,-2.369995000000017,3.669997999999993,0.03333399999999909,0.020000000000000462,0.040000000000000036,0.006666000000000061,0.2066669999999995,-0.01999999999999957,0.0,0.22999999999999954,-0.1200000000000001,-0.08000000000000007,0.4305555555555556,-53.11703968555477,-39.973160137589815,0.0,0.4078947368421053,0.35185185185185186
2015-10-21,-15.070006999999974,1.0900109999999756,5.699997000000025,4.4299930000000245,-2.369995000000017,-0.10666699999999983,0.03333399999999909,0.020000000000000462,0.040000000000000036,0.006666000000000061,-0.1200000000000001,-0.01999999999999957,0.0,0.22999999999999954,-0.1200000000000001,0.35714285714285715,-60.573541375123774,-33.216229908732494,0.0,0.4305555555555556,0.4078947368421053
2015-10-22,-2.940003000000047,-15.070006999999974,1.0900109999999756,5.699997000000025,4.4299930000000245,-0.02666699999999977,-0.10666699999999983,0.03333399999999909,0.020000000000000462,0.040000000000000036,0.049999999999999815,-0.1200000000000001,-0.01999999999999957,0.0,0.22999999999999954,0.4685314685314685,-40.37436820911475,-35.139967587743605,0.0,0.35714285714285715,0.4305555555555556
2015-10-23,1.6300049999999828,-2.940003000000047,-15.070006999999974,1.0900109999999756,5.699997000000025,0.15333300000000086,-0.02666699999999977,-0.10666699999999983,0.03333399999999909,0.020000000000000462,0.03000000000000025,0.049999999999999815,-0.1200000000000001,-0.01999999999999957,0.0,0.4090909090909091,-51.38134371139762,-35.020955237598905,0.0,0.4685314685314685,0.35714285714285715
2015-10-26,-2.630004999999983,1.6300049999999828,-2.940003000000047,-15.070006999999974,1.0900109999999756,-0.05999900000000125,0.15333300000000086,-0.02666699999999977,-0.10666699999999983,0.03333399999999909,-0.13999999999999968,0.03000000000000025,0.049999999999999815,-0.1200000000000001,-0.01999999999999957,0.2982456140350877,-62.55302518411648,-25.90339753171129,0.0,0.3428571428571429,0.37333333333333335
2015-10-27,6.169999000000048,-2.630004999999983,1.6300049999999828,-2.940003000000047,-15.070006999999974,0.14000000000000054,-0.05999900000000125,0.15333300000000086,-0.02666699999999977,-0.10666699999999983,0.0,-0.13999999999999968,0.03000000000000025,0.049999999999999815,-0.1200000000000001,0.39130434782608703,-52.76866224798906,-33.16154878696788,0.0,0.2982456140350877,0.3428571428571429
2015-10-28,-4.9099890000000235,6.169999000000048,-2.630004999999983,1.6300049999999828,-2.940003000000047,-0.1266670000000003,0.14000000000000054,-0.05999900000000125,0.15333300000000086,-0.02666699999999977,-0.0600000000000005,0.0,-0.13999999999999968,0.03000000000000025,0.049999999999999815,0.4923076923076923,-50.53096953663485,-48.54806961652668,0.0,0.39130434782608703,0.2982456140350877
2015-10-29,2.6100009999999827,-4.9099890000000235,6.169999000000048,-2.630004999999983,1.6300049999999828,0.01333300000000026,-0.1266670000000003,0.14000000000000054,-0.05999900000000125,0.15333300000000086,0.020000000000000462,-0.0600000000000005,0.0,-0.13999999999999968,0.03000000000000025,0.4305555555555556,-50.77508033635515,-37.99552875735552,0.0,0.4923076923076923,0.39130434782608703
2015-10-30,-1.3300020000000077,2.6100009999999827,-4.9099890000000235,6.169999000000048,-2.630004999999983,0.0,0.01333300000000026,-0.1266670000000003,0.14000000000000054,-0.05999900000000125,-0.040000000000000036,0.020000000000000462,-0.0600000000000005,0.0,-0.13999999999999968,0.4487179487179487,-46.153481650323094,-37.113185191603215,0.0,0.4305555555555556,0.4923076923076923
2015-11-02,-4.700011999999988,-1.3300020000000077,2.6100009999999827,-4.9099890000000235,6.169999000000048,-0.20000000000000015,0.0,0.01333300000000026,-0.1266670000000003,0.14000000000000054,0.029999999999999364,-0.040000000000000036,0.020000000000000462,-0.0600000000000005,0.0,0.4883720930232558,-43.766843891685,-41.600804607502106,0.0,0.5,0.4864864864864865
2015-11-03,6.860000000000013,-4.700011999999988,-1.3300020000000077,2.6100009999999827,-4.9099890000000235,0.09333400000000047,-0.20000000000000015,0.0,0.01333300000000026,-0.1266670000000003,0.020000000000000462,0.029999999999999364,-0.040000000000000036,0.020000000000000462,-0.0600000000000005,0.5769230769230769,-31.805283983956446,-42.977874486946966,1.0,0.4883720930232558,0.5
2015-11-04,-5.439987000000002,6.860000000000013,-4.700011999999988,-1.3300020000000077,2.6100009999999827,-0.08000000000000007,0.09333400000000047,-0.20000000000000015,0.0,0.01333300000000026,0.14999999999999947,0.020000000000000462,0.029999999999999364,-0.040000000000000036,0.020000000000000462,0.3770491803278688,-54.50973469768853,-32.3300631068823,0.0,0.5769230769230769,0.4883720930232558
2015-11-05,23.279998999999968,-5.439987000000002,6.860000000000013,-4.700011999999988,-1.3300020000000077,-0.046667000000000236,-0.08000000000000007,0.09333400000000047,-0.20000000000000015,0.0,0.040000000000000036,0.14999999999999947,0.020000000000000462,0.029999999999999364,-0.040000000000000036,0.44943820224719105,-47.093075770104896,-38.22482206498047,0.0,0.3770491803278688,0.5769230769230769
2015-11-06,0.1399990000000173,23.279998999999968,-5.439987000000002,6.860000000000013,-4.700011999999988,0.10666699999999983,-0.046667000000000236,-0.08000000000000007,0.09333400000000047,-0.20000000000000015,-0.13999999999999968,0.040000000000000036,0.14999999999999947,0.020000000000000462,0.029999999999999364,0.5057471264367817,-38.89050181113532,-39.45007115188945,1.0,0.44943820224719105,0.3770491803278688
2015-11-09,0.5899969999999826,0.1399990000000173,23.279998999999968,-5.439987000000002,6.860000000000013,0.13999999999999968,0.10666699999999983,-0.046667000000000236,-0.08000000000000007,0.09333400000000047,0.049999999999999815,-0.13999999999999968,0.040000000000000036,0.14999999999999947,0.020000000000000462,0.4444444444444444,-44.903665134991634,-35.89420177996822,0.0,0.48,0.390625
2015-11-10,-7.029998999999975,0.5899969999999826,0.1399990000000173,23.279998999999968,-5.439987000000002,0.2333330000000009,0.13999999999999968,0.10666699999999983,-0.046667000000000236,-0.08000000000000007,-0.08999999999999986,0.049999999999999815,-0.13999999999999968,0.040000000000000036,0.14999999999999947,0.5084745762711864,-39.903061764290115,-41.33466827634799,1.0,0.4444444444444444,0.48
2015-11-11,-8.83000200000001,-7.029998999999975,0.5899969999999826,0.1399990000000173,23.279998999999968,0.0,0.2333330000000009,0.13999999999999968,0.10666699999999983,-0.046667000000000236,-0.01999999999999957,-0.08999999999999986,0.049999999999999815,-0.13999999999999968,0.040000000000000036,0.4893617021276596,-38.432830755581975,-36.864420152841355,0.0,0.5084745762711864,0.4444444444444444
2015-11-12,2.5800020000000075,-8.83000200000001,-7.029998999999975,0.5899969999999826,0.1399990000000173,0.02666699999999977,0.0,0.2333330000000009,0.13999999999999968,0.10666699999999983,0.05999999999999961,-0.01999999999999957,-0.08999999999999986,0.049999999999999815,-0.13999999999999968,0.4328358208955224,-45.8224902062364,-34.585096832924215,0.0,0.4893617021276596,0.5084745762711864
2015-11-13,-6.140000000000014,2.5800020000000075,-8.83000200000001,-7.029998999999975,0.5899969999999826,-0.16000000000000014,0.02666699999999977,0.0,0.2333330000000009,0.13999999999999968,0.020000000000000462,0.05999999999999961,-0.01999999999999957,-0.08999999999999986,0.049999999999999815,0.3877551020408163,-44.41458396734817,-27.938945970348538,0.0,0.4328358208955224,0.4893617021276596
2015-11-16,-5.75,-6.140000000000014,2.5800020000000075,-8.83000200000001,-7.029998999999975,0.1666660000000002,-0.16000000000000014,0.02666699999999977,0.0,0.2333330000000009,0.08999999999999986,0.020000000000000462,0.05999999999999961,-0.01999999999999957,-0.08999999999999986,0.392156862745098,-44.940676817400906,-28.112236040134487,0.0,0.5116279069767442,0.3965517241379311
2015-11-17,7.119996000000015,-5.75,-6.140000000000014,2.5800020000000075,-8.83000200000001,-0.08000000000000007,0.1666660000000002,-0.16000000000000014,0.02666699999999977,0.0,0.01999999999999957,0.08999999999999986,0.020000000000000462,0.05999999999999961,-0.01999999999999957,0.40540540540540543,-44.214838623094,-29.894276533456697,0.0,0.392156862745098,0.5116279069767442
2015-11-18,-0.3099980000000073,7.119996000000015,-5.75,-6.140000000000014,2.5800020000000075,0.0,-0.08000000000000007,0.1666660000000002,-0.16000000000000014,0.02666699999999977,-0.009999999999999787,0.01999999999999957,0.08999999999999986,0.020000000000000462,0.05999999999999961,0.3695652173913043,-60.02380949911851,-34.47252607269102,0.0,0.40540540540540543,0.392156862745098
2015-11-19,7.070006999999976,-0.3099980000000073,7.119996000000015,-5.75,-6.140000000000014,-0.18666600000000064,0.0,-0.08000000000000007,0.1666660000000002,-0.16000000000000014,0.08999999999999986,-0.009999999999999787,0.01999999999999957,0.08999999999999986,0.020000000000000462,0.5178571428571429,-40.031730760348566,-42.655987825271055,1.0,0.3695652173913043,0.40540540540540543
2015-11-20,0.7299959999999999,7.070006999999976,-0.3099980000000073,7.119996000000015,-5.75,0.1266670000000003,-0.18666600000000064,0.0,-0.08000000000000007,0.1666660000000002,0.2599999999999998,0.08999999999999986,-0.009999999999999787,0.01999999999999957,0.08999999999999986,0.42,-47.89980074430251,-34.270309721652445,0.0,0.5178571428571429,0.3695652173913043
2015-11-23,-1.7900079999999434,0.7299959999999999,7.070006999999976,-0.3099980000000073,7.119996000000015,-0.0066670000000002005,0.1266670000000003,-0.18666600000000064,0.0,-0.08000000000000007,0.11000000000000032,0.2599999999999998,0.08999999999999986,-0.009999999999999787,0.01999999999999957,0.3636363636363637,-52.74272303421035,-29.48128389014416,0.0,0.3125,0.3488372093023256
2015-11-24,-2.2599950000000315,-1.7900079999999434,0.7299959999999999,7.070006999999976,-0.3099980000000073,0.0,-0.0066670000000002005,0.1266670000000003,-0.18666600000000064,0.0,-0.15000000000000036,0.11000000000000032,0.2599999999999998,0.08999999999999986,-0.009999999999999787,0.3333333333333333,-58.526241662664575,-28.957930815095796,0.0,0.3636363636363637,0.3125
2015-11-25,0.5,-2.2599950000000315,-1.7900079999999434,0.7299959999999999,7.070006999999976,-0.08000099999999932,0.0,-0.0066670000000002005,0.1266670000000003,-0.18666600000000064,-0.009999999999999787,-0.15000000000000036,0.11000000000000032,0.2599999999999998,0.08999999999999986,0.4418604651162791,-45.48536910577914,-35.71038701750728,0.0,0.3333333333333333,0.3636363636363637
2015-11-27,11.389999000000017,0.5,-2.2599950000000315,-1.7900079999999434,0.7299959999999999,0.09333399999999957,-0.08000099999999932,0.0,-0.0066670000000002005,0.1266670000000003,0.07000000000000027,-0.009999999999999787,-0.15000000000000036,0.11000000000000032,0.2599999999999998,0.2222222222222222,-93.47625840750344,-25.95837015012256,0.0,0.40425531914893614,0.4418604651162791
2015-11-30,1.9700019999999652,11.389999000000017,0.5,-2.2599950000000315,-1.7900079999999434,0.15333299999999994,0.09333399999999957,-0.08000099999999932,0.0,-0.0066670000000002005,0.08999999999999986,0.07000000000000027,-0.009999999999999787,-0.15000000000000036,0.11000000000000032,0.2926829268292683,-66.21750713734322,-26.705487479644503,0.0,0.3953488372093023,0.3404255319148936
2015-12-01,-1.3500059999999507,1.9700019999999652,11.389999000000017,0.5,-2.2599950000000315,0.020000000000000462,0.15333299999999994,0.09333399999999957,-0.08000099999999932,0.0,-0.040000000000000036,0.08999999999999986,0.07000000000000027,-0.009999999999999787,-0.15000000000000036,0.4444444444444444,-40.254222629978436,-31.515218718943512,0.0,0.2926829268292683,0.3953488372093023
2015-12-02,6.930006999999961,-1.3500059999999507,1.9700019999999652,11.389999000000017,0.5,0.21999999999999972,0.020000000000000462,0.15333299999999994,0.09333399999999957,-0.08000099999999932,0.040000000000000036,-0.040000000000000036,0.08999999999999986,0.07000000000000027,-0.009999999999999787,0.4814814814814815,-38.635949361336706,-35.46958814151471,0.0,0.4444444444444444,0.2926829268292683
2015-12-03,-5.1999970000000255,6.930006999999961,-1.3500059999999507,1.9700019999999652,11.389999000000017,0.2333340000000001,0.21999999999999972,0.020000000000000462,0.15333299999999994,0.09333399999999957,-0.1900000000000004,0.040000000000000036,-0.040000000000000036,0.08999999999999986,0.07000000000000027,0.4878048780487805,-41.716943096379964,-39.81867161267957,0.0,0.4814814814814815,0.4444444444444444
2015-12-04,0.7200020000000222,-5.1999970000000255,6.930006999999961,-1.3500059999999507,1.9700019999999652,-0.1200000000000001,0.2333340000000001,0.21999999999999972,0.020000000000000462,0.15333299999999994,0.11000000000000032,-0.1900000000000004,0.040000000000000036,-0.040000000000000036,0.08999999999999986,0.3333333333333333,-67.53660856900889,-32.80261622397613,0.0,0.4878048780487805,0.4814814814814815
2015-12-07,-2.3300020000000075,0.7200020000000222,-5.1999970000000255,6.930006999999961,-1.3500059999999507,0.040000000000000036,-0.1200000000000001,0.2333340000000001,0.21999999999999972,0.020000000000000462,-0.15000000000000036,0.11000000000000032,-0.1900000000000004,0.040000000000000036,-0.040000000000000036,0.2608695652173913,-74.38001339279383,-25.57398452401116,0.0,0.525,0.4634146341463415
2015-12-08,0.75,-2.3300020000000075,0.7200020000000222,-5.1999970000000255,6.930006999999961,-0.10000099999999977,0.040000000000000036,-0.1200000000000001,0.2333340000000001,0.21999999999999972,-0.1999999999999993,-0.15000000000000036,0.11000000000000032,-0.1900000000000004,0.040000000000000036,0.525,-37.621800103412106,-41.9673567467894,1.0,0.2608695652173913,0.525
2015-12-09,-4.410004000000015,0.75,-2.3300020000000075,0.7200020000000222,-5.1999970000000255,0.8666679999999998,-0.10000099999999977,0.040000000000000036,-0.1200000000000001,0.2333340000000001,0.16999999999999993,-0.1999999999999993,-0.15000000000000036,0.11000000000000032,-0.1900000000000004,0.4516129032258064,-45.80550533130207,-37.64115984698389,0.0,0.525,0.2608695652173913
2015-12-10,-2.1999969999999682,-4.410004000000015,0.75,-2.3300020000000075,0.7200020000000222,0.386666,0.8666679999999998,-0.10000099999999977,0.040000000000000036,-0.1200000000000001,0.0699999999999994,0.16999999999999993,-0.1999999999999993,-0.15000000000000036,0.11000000000000032,0.4375,-41.33245262333895,-31.974710800591307,0.0,0.4516129032258064,0.525
2015-12-11,2.550002999999976,-2.1999969999999682,-4.410004000000015,0.75,-2.3300020000000075,0.0666670000000007,0.386666,0.8666679999999998,-0.10000099999999977,0.040000000000000036,-0.040000000000000036,0.0699999999999994,0.16999999999999993,-0.1999999999999993,-0.15000000000000036,0.41935483870967744,-38.7422211193455,-27.609513633411,0.0,0.4375,0.4516129032258064
2015-12-14,-10.050002999999975,2.550002999999976,-2.1999969999999682,-4.410004000000015,0.75,0.09333299999999944,0.0666670000000007,0.386666,0.8666679999999998,-0.10000099999999977,-0.15999999999999925,-0.040000000000000036,0.0699999999999994,0.16999999999999993,-0.1999999999999993,0.32432432432432434,-69.20456839477839,-32.44047490409573,0.0,0.38461538461538464,0.5384615384615384
2015-12-15,1.559998000000007,-10.050002999999975,2.550002999999976,-2.1999969999999682,-4.410004000000015,0.013332999999999371,0.09333299999999944,0.0666670000000007,0.386666,0.8666679999999998,-0.010000000000000677,-0.15999999999999925,-0.040000000000000036,0.0699999999999994,0.16999999999999993,0.3469387755102041,-51.021055661008255,-26.860265456735,0.0,0.32432432432432434,0.38461538461538464
2015-12-16,2.5099939999999776,1.559998000000007,-10.050002999999975,2.550002999999976,-2.1999969999999682,-0.37999999999999895,0.013332999999999371,0.09333299999999944,0.0666670000000007,0.386666,-0.15999999999999925,-0.010000000000000677,-0.15999999999999925,-0.040000000000000036,0.0699999999999994,0.3043478260869565,-59.629375777777675,-25.345659488302818,0.0,0.3469387755102041,0.32432432432432434
2015-12-17,13.419999000000047,2.5099939999999776,1.559998000000007,-10.050002999999975,2.550002999999976,0.11333400000000005,-0.37999999999999895,0.013332999999999371,0.09333299999999944,0.0666670000000007,-0.020000000000000462,-0.15999999999999925,-0.010000000000000677,-0.15999999999999925,-0.040000000000000036,0.3333333333333333,-58.781551928072574,-28.670247708480787,0.0,0.3043478260869565,0.3469387755102041
2015-12-18,-1.1199960000000146,13.419999000000047,2.5099939999999776,1.559998000000007,-10.050002999999975,-0.0733340000000009,0.11333400000000005,-0.37999999999999895,0.013332999999999371,0.09333299999999944,0.08999999999999986,-0.020000000000000462,-0.15999999999999925,-0.010000000000000677,-0.15999999999999925,0.5131578947368421,-42.07578694472479,-44.12189974762548,1.0,0.3333333333333333,0.3043478260869565
2015-12-21,-2.929992000000027,-1.1199960000000146,13.419999000000047,2.5099939999999776,1.559998000000007,0.2066669999999995,-0.0733340000000009,0.11333400000000005,-0.37999999999999895,0.013332999999999371,0.1900000000000004,0.08999999999999986,-0.020000000000000462,-0.15999999999999925,-0.010000000000000677,0.3636363636363637,-55.50742511375717,-31.38933804942769,0.0,0.3953488372093023,0.4615384615384616
2015-12-22,2.099991000000017,-2.929992000000027,-1.1199960000000146,13.419999000000047,2.5099939999999776,-0.2066669999999995,0.2066669999999995,-0.0733340000000009,0.11333400000000005,-0.37999999999999895,0.35999999999999943,0.1900000000000004,0.08999999999999986,-0.020000000000000462,-0.15999999999999925,0.5,-32.899968798163826,-33.05181663640384,0.0,0.3636363636363637,0.3953488372093023
2015-12-23,-2.6100009999999827,2.099991000000017,-2.929992000000027,-1.1199960000000146,13.419999000000047,-0.12666600000000014,-0.2066669999999995,0.2066669999999995,-0.0733340000000009,0.11333400000000005,-0.10999999999999943,0.35999999999999943,0.1900000000000004,0.08999999999999986,-0.020000000000000462,0.39130434782608703,-55.189672808153276,-34.92265331154868,0.0,0.5,0.3636363636363637
2015-12-24,-0.25,-2.6100009999999827,2.099991000000017,-2.929992000000027,-1.1199960000000146,-0.11333400000000005,-0.12666600000000014,-0.2066669999999995,0.2066669999999995,-0.0733340000000009,0.05999999999999961,-0.10999999999999943,0.35999999999999943,0.1900000000000004,0.08999999999999986,0.36538461538461536,-44.21314117042738,-25.39607711723845,0.0,0.39130434782608703,0.5
2015-12-28,0.8700099999999509,-0.25,-2.6100009999999827,2.099991000000017,-2.929992000000027,-0.35999999999999943,-0.11333400000000005,-0.12666600000000014,-0.2066669999999995,0.2066669999999995,0.1900000000000004,0.05999999999999961,-0.10999999999999943,0.35999999999999943,0.1900000000000004,0.5081967213114754,-30.11639243349508,-31.66252994291295,1.0,0.5897435897435898,0.5476190476190477
2015-12-29,-1.6200099999999509,0.8700099999999509,-0.25,-2.6100009999999827,2.099991000000017,0.02666699999999977,-0.35999999999999943,-0.11333400000000005,-0.12666600000000014,-0.2066669999999995,0.17999999999999972,0.1900000000000004,0.05999999999999961,-0.10999999999999943,0.35999999999999943,0.3253012048192771,-51.55208147239546,-24.67872180148934,0.0,0.5081967213114754,0.5897435897435898
2015-12-30,8.240004999999968,-1.6200099999999509,0.8700099999999509,-0.25,-2.6100009999999827,0.033333999999999975,0.02666699999999977,-0.35999999999999943,-0.11333400000000005,-0.12666600000000014,-0.08000000000000007,0.17999999999999972,0.1900000000000004,0.05999999999999961,-0.10999999999999943,0.40540540540540543,-49.53936626474843,-33.59151160404318,0.0,0.3253012048192771,0.5081967213114754
2015-12-31,0.8999939999999924,8.240004999999968,-1.6200099999999509,0.8700099999999509,-0.25,-0.13333399999999962,0.033333999999999975,0.02666699999999977,-0.35999999999999943,-0.11333400000000005,0.009999999999999787,-0.08000000000000007,0.17999999999999972,0.1900000000000004,0.05999999999999961,0.3404255319148936,-62.793206354484965,-31.82247745634986,0.0,0.40540540540540543,0.3253012048192771
2016-01-04,1.9199990000000469,0.8999939999999924,8.240004999999968,-1.6200099999999509,0.8700099999999509,-0.1266670000000003,-0.13333399999999962,0.033333999999999975,0.02666699999999977,-0.35999999999999943,0.08000000000000007,0.009999999999999787,-0.08000000000000007,0.17999999999999972,0.1900000000000004,0.4029850746268657,-45.60243567168973,-30.386252199980486,0.0,0.32432432432432434,0.4186046511627907
2016-01-05,-16.599991000000017,1.9199990000000469,0.8999939999999924,8.240004999999968,-1.6200099999999509,0.02666699999999977,-0.1266670000000003,-0.13333399999999962,0.033333999999999975,0.02666699999999977,-0.040000000000000036,0.08000000000000007,0.009999999999999787,-0.08000000000000007,0.17999999999999972,0.33783783783783783,-51.32293528368074,-25.85690371515017,0.0,0.4029850746268657,0.32432432432432434
2016-01-06,0.019989000000009586,-16.599991000000017,1.9199990000000469,0.8999939999999924,8.240004999999968,0.13333300000000034,0.02666699999999977,-0.1266670000000003,-0.13333399999999962,0.033333999999999975,-0.08000000000000007,-0.040000000000000036,0.08000000000000007,0.009999999999999787,-0.08000000000000007,0.38144329896907214,-53.2962632284941,-32.437896768140675,0.0,0.33783783783783783,0.4029850746268657
2016-01-07,-4.390000000000015,0.019989000000009586,-16.599991000000017,1.9199990000000469,0.8999939999999924,0.22666699999999995,0.13333300000000034,0.02666699999999977,-0.1266670000000003,-0.13333399999999962,0.08000000000000007,-0.08000000000000007,-0.040000000000000036,0.08000000000000007,0.009999999999999787,0.3728813559322034,-57.89036201202368,-34.33541320926673,0.0,0.38144329896907214,0.33783783783783783
2016-01-08,-3.3899990000000173,-4.390000000000015,0.019989000000009586,-16.599991000000017,1.9199990000000469,0.2733340000000002,0.22666699999999995,0.13333300000000034,0.02666699999999977,-0.1266670000000003,0.040000000000000036,0.08000000000000007,-0.08000000000000007,-0.040000000000000036,0.08000000000000007,0.4615384615384616,-38.99950568989282,-33.296161971849344,0.0,0.3728813559322034,0.38144329896907214
2016-01-11,-4.649993999999992,-3.3899990000000173,-4.390000000000015,0.019989000000009586,-16.599991000000017,-0.0666670000000007,0.2733340000000002,0.22666699999999995,0.13333300000000034,0.02666699999999977,-0.08999999999999986,0.040000000000000036,0.08000000000000007,-0.08000000000000007,-0.040000000000000036,0.3118279569892473,-65.28507678448642,-28.540839378924094,0.0,0.4186046511627907,0.3414634146341464
2016-01-12,-3.1499939999999924,-4.649993999999992,-3.3899990000000173,-4.390000000000015,0.019989000000009586,-0.02666699999999977,-0.0666670000000007,0.2733340000000002,0.22666699999999995,0.13333300000000034,-0.08999999999999986,-0.08999999999999986,0.040000000000000036,0.08000000000000007,-0.08000000000000007,0.3760683760683761,-54.39895489987157,-32.28937327397879,0.0,0.3118279569892473,0.4186046511627907
2016-01-13,2.1199949999999603,-3.1499939999999924,-4.649993999999992,-3.3899990000000173,-4.390000000000015,0.14000000000000054,-0.02666699999999977,-0.0666670000000007,0.2733340000000002,0.22666699999999995,-0.040000000000000036,-0.08999999999999986,-0.08999999999999986,0.040000000000000036,0.08000000000000007,0.36,-53.08270740379489,-29.35086612756539,0.0,0.3760683760683761,0.3118279569892473
2016-01-14,-9.66000299999996,2.1199949999999603,-3.1499939999999924,-4.649993999999992,-3.3899990000000173,-0.14000000000000054,0.14000000000000054,-0.02666699999999977,-0.0666670000000007,0.2733340000000002,-0.08000000000000007,-0.040000000000000036,-0.08999999999999986,-0.08999999999999986,0.040000000000000036,0.3829787234042553,-49.08776389408008,-29.707483344684828,0.0,0.36,0.3760683760683761
2016-01-15,5.869994999999988,-9.66000299999996,2.1199949999999603,-3.1499939999999924,-4.649993999999992,-0.46,-0.14000000000000054,0.14000000000000054,-0.02666699999999977,-0.0666670000000007,0.03000000000000025,-0.08000000000000007,-0.040000000000000036,-0.08999999999999986,-0.08999999999999986,0.3409090909090909,-59.859394650237036,-30.22338106956089,0.0,0.3829787234042553,0.36
2016-01-19,-1.1899879999999996,5.869994999999988,-9.66000299999996,2.1199949999999603,-3.1499939999999924,-0.43333399999999933,-0.46,-0.14000000000000054,0.14000000000000054,-0.02666699999999977,-0.15000000000000036,0.03000000000000025,-0.08000000000000007,-0.040000000000000036,-0.08999999999999986,0.4117647058823529,-46.2063475227563,-32.30586824056716,0.0,0.3673469387755102,0.2972972972972973
2016-01-20,-0.2700040000000001,-1.1899879999999996,5.869994999999988,-9.66000299999996,2.1199949999999603,-0.193333,-0.43333399999999933,-0.46,-0.14000000000000054,0.14000000000000054,-0.22999999999999954,-0.15000000000000036,0.03000000000000025,-0.08000000000000007,-0.040000000000000036,0.3220338983050847,-65.44621866352101,-30.52573430973614,0.0,0.4117647058823529,0.3673469387755102
2016-01-21,-6.020004,-0.2700040000000001,-1.1899879999999996,5.869994999999988,-9.66000299999996,0.24666699999999955,-0.193333,-0.43333399999999933,-0.46,-0.14000000000000054,-0.08999999999999986,-0.22999999999999954,-0.15000000000000036,0.03000000000000025,-0.08000000000000007,0.4576271186440678,-45.997587200570976,-38.35143245177369,0.0,0.3220338983050847,0.4117647058823529
2016-01-22,1.270004,-6.020004,-0.2700040000000001,-1.1899879999999996,5.869994999999988,0.1733330000000004,0.24666699999999955,-0.193333,-0.43333399999999933,-0.46,-0.14000000000000054,-0.08999999999999986,-0.22999999999999954,-0.15000000000000036,0.03000000000000025,0.38461538461538464,-52.918480200723856,-32.189219754414395,0.0,0.4576271186440678,0.3220338983050847
2016-02-09,-14.610001000000011,-12.729996,1.850006000000008,-9.300003000000004,-14.160002999999987,0.033333000000000716,0.01999999999999957,0.046667000000000236,-0.16000000000000014,0.07333299999999987,-0.11000000000000032,-0.009999999999999787,0.009999999999999787,-0.029999999999999364,0.029999999999999364,0.3548387096774194,-50.55064048043101,-26.47677440877958,0.0,0.4230769230769231,0.38461538461538464
2016-02-10,0.25999500000000353,-14.610001000000011,-12.729996,1.850006000000008,-9.300003000000004,0.04666699999999935,0.033333000000000716,0.01999999999999957,0.046667000000000236,-0.16000000000000014,-0.03000000000000025,-0.11000000000000032,-0.009999999999999787,0.009999999999999787,-0.029999999999999364,0.28,-85.61589054547655,-32.289177826322565,0.0,0.3548387096774194,0.4230769230769231
2016-02-11,-4.580002000000008,0.25999500000000353,-14.610001000000011,-12.729996,1.850006000000008,0.4533330000000007,0.04666699999999935,0.033333000000000716,0.01999999999999957,0.046667000000000236,-0.009999999999999787,-0.03000000000000025,-0.11000000000000032,-0.009999999999999787,0.009999999999999787,0.4220183486238532,-51.033240263499444,-36.77332724895829,0.0,0.28,0.3548387096774194
2016-02-12,6.800003000000004,-4.580002000000008,0.25999500000000353,-14.610001000000011,-12.729996,0.11333299999999903,0.4533330000000007,0.04666699999999935,0.033333000000000716,0.01999999999999957,0.0,-0.009999999999999787,-0.03000000000000025,-0.11000000000000032,-0.009999999999999787,0.4166666666666667,-53.91865084055222,-37.95029738589896,0.0,0.4220183486238532,0.28
2016-02-16,0.569991999999985,6.800003000000004,-4.580002000000008,0.25999500000000353,-14.610001000000011,0.0200010000000006,0.11333299999999903,0.4533330000000007,0.04666699999999935,0.033333000000000716,0.0,0.0,-0.009999999999999787,-0.03000000000000025,-0.11000000000000032,0.515625,-42.10205847346587,-45.07794248384861,1.0,0.3818181818181817,0.35897435897435903
2016-02-17,4.130005000000011,0.569991999999985,6.800003000000004,-4.580002000000008,0.25999500000000353,-0.1600009999999994,0.0200010000000006,0.11333299999999903,0.4533330000000007,0.04666699999999935,0.049999999999999815,0.0,0.0,-0.009999999999999787,-0.03000000000000025,0.4736842105263158,-43.02333604183363,-38.32221967581464,0.0,0.515625,0.3818181818181817
2016-02-18,13.509995000000005,4.130005000000011,0.569991999999985,6.800003000000004,-4.580002000000008,0.08000000000000007,-0.1600009999999994,0.0200010000000006,0.11333299999999903,0.4533330000000007,0.049999999999999815,0.049999999999999815,0.0,0.0,-0.009999999999999787,0.4175824175824176,-46.0647142860089,-32.4439871848783,0.0,0.4736842105263158,0.515625
2016-02-19,-1.9099889999999957,13.509995000000005,4.130005000000011,0.569991999999985,6.800003000000004,-0.12666600000000014,0.08000000000000007,-0.1600009999999994,0.0200010000000006,0.11333299999999903,-0.09999999999999963,0.049999999999999815,0.049999999999999815,0.0,0.0,0.3636363636363637,-62.239193167801076,-35.037947183027484,0.0,0.4175824175824176,0.4736842105263158
2016-02-22,-0.19000199999999268,-1.9099889999999957,13.509995000000005,4.130005000000011,0.569991999999985,-0.06000099999999975,-0.12666600000000014,0.08000000000000007,-0.1600009999999994,0.0200010000000006,0.05999999999999961,-0.09999999999999963,0.049999999999999815,0.049999999999999815,0.0,0.490566037735849,-37.87306792544925,-36.395033109760405,0.0,0.5,0.4024390243902439
2016-02-23,11.160002999999987,-0.19000199999999268,-1.9099889999999957,13.509995000000005,4.130005000000011,0.19333400000000006,-0.06000099999999975,-0.12666600000000014,0.08000000000000007,-0.1600009999999994,0.0,0.05999999999999961,-0.09999999999999963,0.049999999999999815,0.049999999999999815,0.5263157894736842,-48.608781153440724,-53.06258183151741,1.0,0.490566037735849,0.5
2016-02-24,-0.5299979999999778,11.160002999999987,-0.19000199999999268,-1.9099889999999957,13.509995000000005,-0.0066670000000002005,0.19333400000000006,-0.06000099999999975,-0.12666600000000014,0.08000000000000007,-0.13999999999999968,0.0,0.05999999999999961,-0.09999999999999963,0.049999999999999815,0.4929577464788733,-48.14413697910366,-46.98368145439056,0.0,0.5263157894736842,0.490566037735849
2016-02-25,1.7899929999999813,-0.5299979999999778,11.160002999999987,-0.19000199999999268,-1.9099889999999957,0.2066669999999995,-0.0066670000000002005,0.19333400000000006,-0.06000099999999975,-0.12666600000000014,-0.1200000000000001,-0.13999999999999968,0.0,0.05999999999999961,-0.09999999999999963,0.4761904761904762,-44.17005786586445,-40.16176916924624,0.0,0.4929577464788733,0.5263157894736842
2016-02-26,8.429992999999996,1.7899929999999813,-0.5299979999999778,11.160002999999987,-0.19000199999999268,-0.02666699999999977,0.2066669999999995,-0.0066670000000002005,0.19333400000000006,-0.06000099999999975,0.06000000000000005,-0.1200000000000001,-0.13999999999999968,0.0,0.05999999999999961,0.3835616438356164,-58.849671503750955,-36.024430227371894,0.0,0.4761904761904762,0.4929577464788733
2016-02-29,2.9100029999999886,8.429992999999996,1.7899929999999813,-0.5299979999999778,11.160002999999987,0.2733340000000002,-0.02666699999999977,0.2066669999999995,-0.0066670000000002005,0.19333400000000006,0.06000000000000005,0.06000000000000005,-0.1200000000000001,-0.13999999999999968,0.0,0.4571428571428571,-57.49326484676467,-48.03521972762322,0.0,0.3835616438356164,0.4761904761904762
2016-03-01,1.589997000000011,2.9100029999999886,8.429992999999996,1.7899929999999813,-0.5299979999999778,0.1399999999999988,0.2733340000000002,-0.02666699999999977,0.2066669999999995,-0.0066670000000002005,-0.06000000000000005,0.06000000000000005,0.06000000000000005,-0.1200000000000001,-0.13999999999999968,0.2857142857142857,-74.29818303142922,-28.619784105331163,0.0,0.4571428571428571,0.3835616438356164
2016-03-02,-5.5799869999999885,1.589997000000011,2.9100029999999886,8.429992999999996,1.7899929999999813,-0.11333400000000005,0.1399999999999988,0.2733340000000002,-0.02666699999999977,0.2066669999999995,0.08000000000000007,-0.06000000000000005,0.06000000000000005,0.06000000000000005,-0.1200000000000001,0.4705882352941176,-46.212388936739906,-40.636326154013574,0.0,0.2857142857142857,0.4571428571428571
2016-03-03,1.9899899999999773,-5.5799869999999885,1.589997000000011,2.9100029999999886,8.429992999999996,-0.03333299999999895,-0.11333400000000005,0.1399999999999988,0.2733340000000002,-0.02666699999999977,0.26000000000000023,0.08000000000000007,-0.06000000000000005,0.06000000000000005,0.06000000000000005,0.453125,-35.18425458061658,-29.596227037771104,0.0,0.4705882352941176,0.2857142857142857
2016-03-04,7.400009000000012,1.9899899999999773,-5.5799869999999885,1.589997000000011,2.9100029999999886,0.1999999999999993,-0.03333299999999895,-0.11333400000000005,0.1399999999999988,0.2733340000000002,0.1200000000000001,0.26000000000000023,0.08000000000000007,-0.06000000000000005,0.06000000000000005,0.41975308641975306,-42.03278760676883,-30.275423658832153,0.0,0.453125,0.4705882352941176
2016-03-07,5.299987999999985,7.400009000000012,1.9899899999999773,-5.5799869999999885,1.589997000000011,0.2133339999999997,0.1999999999999993,-0.03333299999999895,-0.11333400000000005,0.1399999999999988,-0.020000000000000462,0.1200000000000001,0.26000000000000023,0.08000000000000007,-0.06000000000000005,0.3382352941176471,-64.84776976125723,-32.513870807000565,0.0,0.4838709677419355,0.4523809523809524
2016-03-08,4.25,5.299987999999985,7.400009000000012,1.9899899999999773,-5.5799869999999885,0.35333300000000106,0.2133339999999997,0.1999999999999993,-0.03333299999999895,-0.11333400000000005,-0.08000000000000007,-0.020000000000000462,0.1200000000000001,0.26000000000000023,0.08000000000000007,0.30612244897959184,-63.274114650783154,-26.995306573524903,0.0,0.3382352941176471,0.4838709677419355
2016-03-09,-2.6899869999999737,4.25,5.299987999999985,7.400009000000012,1.9899899999999773,-0.2066669999999995,0.35333300000000106,0.2133339999999997,0.1999999999999993,-0.03333299999999895,0.0600000000000005,-0.08000000000000007,-0.020000000000000462,0.1200000000000001,0.26000000000000023,0.3428571428571429,-53.75542761900596,-27.657942242199958,0.0,0.30612244897959184,0.3382352941176471
2016-03-10,6.119994999999988,-2.6899869999999737,4.25,5.299987999999985,7.400009000000012,-0.12000000000000098,-0.2066669999999995,0.35333300000000106,0.2133339999999997,0.1999999999999993,0.21999999999999972,0.0600000000000005,-0.08000000000000007,-0.020000000000000462,0.1200000000000001,0.4390243902439024,-50.853621818391645,-39.38975741880561,0.0,0.3428571428571429,0.30612244897959184
2016-03-11,-3.5400080000000003,6.119994999999988,-2.6899869999999737,4.25,5.299987999999985,-0.11999999999999922,-0.12000000000000098,-0.2066669999999995,0.35333300000000106,0.2133339999999997,-0.01999999999999957,0.21999999999999972,0.0600000000000005,-0.08000000000000007,-0.020000000000000462,0.4444444444444444,-50.646418115028716,-40.45283158322727,0.0,0.4390243902439024,0.3428571428571429
2016-03-14,2.320007000000004,-3.5400080000000003,6.119994999999988,-2.6899869999999737,4.25,-0.04666700000000112,-0.11999999999999922,-0.12000000000000098,-0.2066669999999995,0.35333300000000106,0.029999999999999364,-0.01999999999999957,0.21999999999999972,0.0600000000000005,-0.08000000000000007,0.4444444444444444,-35.46305914223202,-28.68807154399333,0.0,0.4126984126984127,0.4352941176470588
2016-03-15,7.6499939999999915,2.320007000000004,-3.5400080000000003,6.119994999999988,-2.6899869999999737,-0.2266659999999998,-0.04666700000000112,-0.11999999999999922,-0.12000000000000098,-0.2066669999999995,0.3200000000000003,0.029999999999999364,-0.01999999999999957,0.21999999999999972,0.0600000000000005,0.288135593220339,-60.19340105658868,-23.510764407335788,0.0,0.4444444444444444,0.4126984126984127
2016-03-16,3.1900019999999927,7.6499939999999915,2.320007000000004,-3.5400080000000003,6.119994999999988,0.0600000000000005,-0.2266659999999998,-0.04666700000000112,-0.11999999999999922,-0.12000000000000098,-0.09999999999999963,0.3200000000000003,0.029999999999999364,-0.01999999999999957,0.21999999999999972,0.32142857142857145,-58.39938254879026,-26.96336005304975,0.0,0.288135593220339,0.4444444444444444
2016-03-17,3.5899970000000394,3.1900019999999927,7.6499939999999915,2.320007000000004,-3.5400080000000003,-0.0066670000000002005,0.0600000000000005,-0.2266659999999998,-0.04666700000000112,-0.11999999999999922,-0.03000000000000025,-0.09999999999999963,0.3200000000000003,0.029999999999999364,-0.01999999999999957,0.4382022471910113,-42.84295994864436,-33.076941797890896,0.0,0.32142857142857145,0.288135593220339
2016-03-18,4.450011999999958,3.5899970000000394,3.1900019999999927,7.6499939999999915,2.320007000000004,0.1999999999999993,-0.0066670000000002005,0.0600000000000005,-0.2266659999999998,-0.04666700000000112,-0.1299999999999999,-0.03000000000000025,-0.09999999999999963,0.3200000000000003,0.029999999999999364,0.4313725490196079,-44.33979595840335,-33.214235411292556,0.0,0.4382022471910113,0.32142857142857145
2016-03-21,6.359999999999986,4.450011999999958,3.5899970000000394,3.1900019999999927,7.6499939999999915,-0.0533330000000003,0.1999999999999993,-0.0066670000000002005,0.0600000000000005,-0.2266659999999998,0.01999999999999957,-0.1299999999999999,-0.03000000000000025,-0.09999999999999963,0.3200000000000003,0.4111111111111111,-51.11959871455509,-34.98286879537464,0.0,0.3148148148148148,0.35
2016-03-22,5.580002000000008,6.359999999999986,4.450011999999958,3.5899970000000394,3.1900019999999927,-0.12666699999999942,-0.0533330000000003,0.1999999999999993,-0.0066670000000002005,0.0600000000000005,0.2599999999999998,0.01999999999999957,-0.1299999999999999,-0.03000000000000025,-0.09999999999999963,0.3711340206185567,-51.888915392168656,-29.889095846026567,0.0,0.4111111111111111,0.3148148148148148
2016-03-23,-4.080002000000008,5.580002000000008,6.359999999999986,4.450011999999958,3.5899970000000394,-0.22666699999999906,-0.12666699999999942,-0.0533330000000003,0.1999999999999993,-0.0066670000000002005,-0.009999999999999787,0.2599999999999998,0.01999999999999957,-0.1299999999999999,-0.03000000000000025,0.42857142857142855,-45.472298161875685,-33.937163692689325,0.0,0.3711340206185567,0.4111111111111111
2016-03-24,-11.660002999999962,-4.080002000000008,5.580002000000008,6.359999999999986,4.450011999999958,0.11333400000000005,-0.22666699999999906,-0.12666699999999942,-0.0533330000000003,0.1999999999999993,0.08000000000000007,-0.009999999999999787,0.2599999999999998,0.01999999999999957,-0.1299999999999999,0.44,-44.591322315291755,-34.831709905542695,0.0,0.42857142857142855,0.3711340206185567
2016-03-28,5.1699979999999925,-11.660002999999962,-4.080002000000008,5.580002000000008,6.359999999999986,-0.040000000000000924,0.11333400000000005,-0.22666699999999906,-0.12666699999999942,-0.0533330000000003,-0.009999999999999787,0.08000000000000007,-0.009999999999999787,0.2599999999999998,0.01999999999999957,0.4583333333333333,-41.69180578946366,-34.86719005528563,0.0,0.5166666666666667,0.3975903614457832
2016-03-29,2.5099950000000315,5.1699979999999925,-11.660002999999962,-4.080002000000008,5.580002000000008,0.5066660000000011,-0.040000000000000924,0.11333400000000005,-0.22666699999999906,-0.12666699999999942,-0.16000000000000014,-0.009999999999999787,0.08000000000000007,-0.009999999999999787,0.2599999999999998,0.44,-44.43099298802067,-34.775138432933645,0.0,0.4583333333333333,0.5166666666666667
2016-03-30,-0.12999000000004912,2.5099950000000315,5.1699979999999925,-11.660002999999962,-4.080002000000008,0.35333299999999923,0.5066660000000011,-0.040000000000000924,0.11333400000000005,-0.22666699999999906,0.13999999999999968,-0.16000000000000014,-0.009999999999999787,0.08000000000000007,-0.009999999999999787,0.4452054794520548,-41.38339704123138,-32.84248710559592,0.0,0.44,0.4583333333333333
2016-03-31,-3.240005999999965,-0.12999000000004912,2.5099950000000315,5.1699979999999925,-11.660002999999962,0.040000000000000924,0.35333299999999923,0.5066660000000011,-0.040000000000000924,0.11333400000000005,-0.029999999999999364,0.13999999999999968,-0.16000000000000014,-0.009999999999999787,0.08000000000000007,0.4129032258064516,-50.29636824710043,-34.69879383647086,0.0,0.4452054794520548,0.44
2016-04-01,2.880004999999983,-3.240005999999965,-0.12999000000004912,2.5099950000000315,5.1699979999999925,-0.01999900000000032,0.040000000000000924,0.35333299999999923,0.5066660000000011,-0.040000000000000924,-0.1299999999999999,-0.029999999999999364,0.13999999999999968,-0.16000000000000014,-0.009999999999999787,0.3865979381443299,-54.20299195443031,-33.56725537129889,0.0,0.4129032258064516,0.4452054794520548
2016-04-04,7.819991999999986,2.880004999999983,-3.240005999999965,-0.12999000000004912,2.5099950000000315,0.12666600000000014,-0.01999900000000032,0.040000000000000924,0.35333299999999923,0.5066660000000011,-0.040000000000000036,-0.1299999999999999,-0.029999999999999364,0.13999999999999968,-0.16000000000000014,0.3618421052631579,-60.178100835872094,-33.29885230072879,0.0,0.3771331058020478,0.3894692854157961
2016-04-05,9.400008999999985,7.819991999999986,2.880004999999983,-3.240005999999965,-0.12999000000004912,-0.040000000000000924,0.12666600000000014,-0.01999900000000032,0.040000000000000924,0.35333299999999923,0.049999999999999815,-0.040000000000000036,-0.1299999999999999,-0.029999999999999364,0.13999999999999968,0.39057239057239057,-58.70550608608535,-37.028176489246604,0.0,0.3618421052631579,0.3771331058020478
2016-04-06,8.479996,9.400008999999985,7.819991999999986,2.880004999999983,-3.240005999999965,-0.013332999999999371,-0.040000000000000924,0.12666600000000014,-0.01999900000000032,0.040000000000000924,-0.049999999999999815,0.049999999999999815,-0.040000000000000036,-0.1299999999999999,-0.029999999999999364,0.38671875,-59.63620989138686,-37.00185184245513,0.0,0.39057239057239057,0.3618421052631579
